Number having Hb level<11 (tested cases),Number having severe anaemia (Hb<7) treated at institution,Number of home deliveries attended by Non SBA trained (trained TB/Dai),Number of C-section deliveries conducted at public facilities,Number of C-section deliveries conducted at private facilities,Total Number of reported Still Births,Total Number of Abortions ( Spontaneous/ Induced) Reported,Total Number of MTPs ( Public) reported,Number of Vasectomies Conducted (Public + Pvt.),Number of Tubectomies Conducted (Public + Pvt.),Total Sterilisation Conducted,IUCD Insertions done (public facilities),IUCD insertions done (pvt. facilities),Oral Pills distributed,Condom pieces distributed,Adverse Events Following Imunisation (Others),Number of Major Operations,Number of Minor Operations,Total Number of Infant Deaths reported,Population Persons,Literate Persons,Main workers Persons,Marginal workers Persons,Non-workers Persons,Total Number of reported live births
74690.0,10987.0,7610.0,6983.0,2699.0,6063.0,2834.0,3520.0,849.0,38008.0,38857.0,73906.0,0.0,765011.0,14025434.0,610.0,0.0,0.0,2901.0,6762880,4962437,2157653,245614,4358947,118234.0
9696.0,2252.0,3106.0,427.0,128.0,1370.0,219.0,53.0,25.0,7633.0,7658.0,20143.0,0.0,89023.0,2179788.0,1188.0,0.0,0.0,260.0,1477057,928754,510679,128816,837342,34785.0
36071.0,2653.0,1762.0,226.0,1996.0,844.0,342.0,1969.0,168.0,14258.0,14426.0,23457.0,0.0,103401.0,3482367.0,0.0,0.0,0.0,599.0,2018998,1433884,667474,158348,1192384,46106.0
8131.0,989.0,6620.0,27.0,54.0,4945.0,925.0,1.0,237.0,23326.0,23563.0,42382.0,0.0,139055.0,3463834.0,381.0,0.0,0.0,1749.0,2921194,1468942,953816,243786,1720098,65697.0
9114.0,1798.0,4637.0,4146.0,284.0,1793.0,409.0,213.0,14.0,7677.0,7691.0,12223.0,0.0,48956.0,2081639.0,185.0,0.0,0.0,864.0,1494550,1039115,508753,100750,884823,36640.0
10337.0,1252.0,5059.0,142.0,285.0,1925.0,332.0,193.0,1367.0,12950.0,14317.0,24776.0,0.0,119271.0,3606190.0,520.0,0.0,0.0,399.0,2750444,1713936,923472,159946,1665606,59565.0
4916.0,881.0,4068.0,362.0,14.0,1980.0,777.0,159.0,67.0,9617.0,9684.0,21475.0,0.0,224020.0,2917806.0,564.0,0.0,0.0,947.0,1966160,857041,535644,402857,1025752,34542.0
18602.0,2789.0,339.0,585.0,671.0,651.0,631.0,169.0,297.0,10706.0,11003.0,22130.0,321.0,84865.0,2819350.0,20.0,0.0,0.0,617.0,1374309,982770,456535,84175,833020,33044.0
11308.0,743.0,4770.0,272.0,47.0,1268.0,1281.0,108.0,16.0,8282.0,8298.0,24820.0,0.0,127537.0,3019900.0,87.0,0.0,0.0,519.0,2079952,1294220,690603,121202,1268104,42964.0
18780.0,1971.0,3067.0,924.0,226.0,1490.0,1212.0,77.0,974.0,9778.0,10752.0,26586.0,0.0,150191.0,3369217.0,713.0,0.0,0.0,732.0,2651061,1700198,892510,190675,1565716,45471.0
534.0,81.0,6069.0,3.0,1.0,1139.0,273.0,0.0,44.0,6677.0,6721.0,8169.0,0.0,96140.0,2196855.0,577.0,0.0,0.0,488.0,1924464,1092511,623819,94380,1203826,25117.0
8139.0,928.0,0.0,473.0,1954.0,806.0,1059.0,883.0,2724.0,18505.0,21229.0,36951.0,0.0,107307.0,2789827.0,383.0,0.0,0.0,495.0,2213458,1522297,713699,212426,1285574,60168.0
5437.0,464.0,237.0,49.0,190.0,1562.0,1683.0,308.0,176.0,11316.0,11492.0,35640.0,0.0,186007.0,5518533.0,51.0,0.0,0.0,756.0,1973788,1400454,688486,126461,1154553,42754.0
9615.0,1099.0,1788.0,106.0,54.0,704.0,365.0,69.0,16.0,3576.0,3592.0,4239.0,0.0,24411.0,1021932.0,15.0,0.0,0.0,371.0,566422,332846,188477,95056,282814,11046.0
14631.0,521.0,478.0,185.0,1073.0,117.0,129.0,117.0,219.0,6900.0,7119.0,7768.0,970.0,85380.0,1943334.0,0.0,0.0,0.0,149.0,1298780,943166,493488,83694,721334,18590.0
8932.0,1836.0,7593.0,194.0,109.0,2825.0,1188.0,54.0,205.0,12930.0,13135.0,18215.0,0.0,145332.0,2971698.0,1063.0,0.0,0.0,1285.0,2274691,1301208,663906,395850,1214392,53591.0
7858.0,2114.0,2014.0,110.0,107.0,1882.0,387.0,7.0,197.0,6017.0,6214.0,17681.0,0.0,121951.0,2072866.0,47.0,0.0,0.0,681.0,1293250,757678,430360,116585,744246,27088.0
3823.0,691.0,57.0,153.0,0.0,182.0,271.0,51.0,24.0,2041.0,2065.0,5875.0,0.0,19294.0,377686.0,0.0,0.0,0.0,105.0,570419,368617,188610,37383,344174,12960.0
30364.0,0.0,5682.0,221.0,1219.0,437.0,223.0,616.0,84.0,10610.0,10694.0,25059.0,0.0,121341.0,4120140.0,71.0,0.0,0.0,673.0,3601851,2496115,1244794,158369,2197337,43044.0
21432.0,4285.0,3337.0,136.0,317.0,2881.0,1357.0,281.0,368.0,18125.0,18493.0,45587.0,0.0,133688.0,5776012.0,2203.0,0.0,0.0,1210.0,2319130,1443594,752662,286253,1279748,61239.0
29083.0,2922.0,3921.0,1093.0,1956.0,4647.0,470.0,745.0,138.0,27383.0,27521.0,29646.0,0.0,181355.0,4787395.0,115.0,0.0,0.0,513.0,5732760,4109988,2269341,162487,3295994,50544.0
8226.0,1715.0,3817.0,213.0,38.0,329.0,174.0,40.0,116.0,8627.0,8743.0,19103.0,0.0,78511.0,1537692.0,119.0,0.0,0.0,337.0,1680157,988619,562999,136664,980141,27853.0
4068.0,462.0,2082.0,44.0,46.0,200.0,113.0,40.0,766.0,4303.0,5069.0,4254.0,0.0,44219.0,961780.0,49.0,0.0,0.0,236.0,0,0,0,0,0,13276.0
473.0,64.0,6082.0,61.0,0.0,171.0,145.0,48.0,642.0,1436.0,2078.0,1705.0,0.0,20820.0,678810.0,125.0,0.0,0.0,172.0,214934,123042,81689,28338,104867,7372.0
31011.0,6388.0,9851.0,1990.0,3097.0,3023.0,1421.0,4000.0,1406.0,20015.0,21421.0,24034.0,0.0,228570.0,5226794.0,1355.0,0.0,0.0,1971.0,4001023,2675021,1311182,327747,2361756,77082.0
3241.0,299.0,7911.0,96.0,274.0,400.0,855.0,384.0,447.0,8233.0,8680.0,6529.0,0.0,69664.0,3647921.0,1.0,0.0,0.0,470.0,1611182,1057144,554053,159975,896714,36296.0
66848.0,4721.0,1904.0,6230.0,5233.0,1919.0,2238.0,1284.0,658.0,32928.0,33586.0,71631.0,3472.0,532277.0,11901233.0,401.0,1886.0,2632.0,1419.0,6910100,5115445,2214400,251132,4444050,131667.0
15052.0,166.0,2313.0,184.0,196.0,277.0,434.0,62.0,11.0,7862.0,7873.0,20890.0,30.0,97975.0,2123549.0,452.0,1568.0,2396.0,235.0,1489332,950477,516764,128539,843860,25926.0
50317.0,2495.0,353.0,0.0,990.0,788.0,1796.0,153.0,1077.0,14361.0,15438.0,21973.0,0.0,93682.0,826300.0,0.0,0.0,0.0,805.0,2043287,1471985,674910,157144,1210626,48104.0
42753.0,21234.0,5533.0,0.0,0.0,1560.0,1140.0,0.0,48.0,23748.0,23796.0,36014.0,0.0,130284.0,1081521.0,350.0,5320.0,475.0,1159.0,2986175,1543730,972854,241339,1769280,72881.0
19153.0,387.0,4254.0,318.0,1041.0,247.0,888.0,102.0,15.0,4284.0,4299.0,11290.0,0.0,46916.0,1848497.0,1.0,7410.0,2325.0,435.0,1513140,1064859,514614,100694,897660,24450.0
30829.0,522.0,2533.0,90.0,48.0,2286.0,818.0,592.0,649.0,12840.0,13489.0,24500.0,0.0,120181.0,3505332.0,2071.0,934.0,3541.0,145.0,2793086,1769864,945816,159460,1686713,58895.0
16188.0,42.0,4248.0,126.0,0.0,1157.0,950.0,739.0,41.0,10547.0,10588.0,19357.0,0.0,220884.0,2172049.0,496.0,1308.0,679.0,763.0,2018402,904417,541497,416669,1058749,41823.0
16512.0,186.0,342.0,450.0,3.0,292.0,340.0,103.0,137.0,11307.0,11444.0,20522.0,0.0,84806.0,2305026.0,2.0,1189.0,964.0,454.0,1380099,998427,455001,83790,840865,28904.0
20454.0,132.0,4376.0,122.0,603.0,351.0,812.0,1885.0,30.0,8698.0,8728.0,25186.0,606.0,124653.0,2428281.0,178.0,6491.0,2605.0,465.0,2106338,1327463,700672,122841,1282792,36854.0
26967.0,456.0,711.0,100.0,1510.0,530.0,1115.0,552.0,384.0,9498.0,9882.0,26586.0,94.0,219803.0,2736007.0,568.0,1712.0,2923.0,1023.0,2681386,1746468,908938,187394,1583401,49532.0
9108.0,356.0,5437.0,899.0,277.0,821.0,759.0,296.0,67.0,6418.0,6485.0,7551.0,55.0,94804.0,1761680.0,140.0,244.0,1168.0,260.0,1978880,1143375,644186,92652,1240157,32748.0
23739.0,571.0,0.0,340.0,175.0,517.0,1324.0,301.0,2594.0,19402.0,21996.0,36555.0,0.0,101980.0,1542530.0,183.0,1891.0,1354.0,944.0,2241900,1566956,716499,212233,1311811,38392.0
21296.0,327.0,23.0,140.0,1479.0,567.0,1228.0,106.0,226.0,11764.0,11990.0,29057.0,3360.0,184788.0,5018884.0,25.0,7148.0,5353.0,393.0,1994005,1433721,691896,121910,1176932,37164.0
4874.0,263.0,793.0,104.0,3.0,300.0,249.0,110.0,11.0,3539.0,3550.0,3353.0,0.0,19761.0,576981.0,1.0,2769.0,1206.0,137.0,574271,344901,190272,96958,286981,8891.0
14038.0,299.0,363.0,191.0,1084.0,102.0,210.0,96.0,192.0,6658.0,6850.0,7515.0,771.0,84405.0,963346.0,5.0,8404.0,4561.0,46.0,1308997,962354,498933,83068,726794,17680.0
17963.0,1015.0,5111.0,299.0,545.0,978.0,1588.0,256.0,42.0,6933.0,6975.0,19231.0,22.0,153368.0,2918329.0,1980.0,2911.0,3320.0,782.0,2312746,1346169,670910,401280,1240135,41882.0
20082.0,77.0,1781.0,109.0,59.0,331.0,125.0,34.0,163.0,6495.0,6658.0,16675.0,1224.0,114305.0,1065457.0,67.0,1144.0,4320.0,1349.0,1309864,783531,435589,113857,758844,28090.0
5999.0,115.0,170.0,247.0,173.0,163.0,475.0,79.0,16.0,2097.0,2113.0,3816.0,319.0,19651.0,364014.0,0.0,1051.0,4.0,92.0,575386,376788,190858,36824,347510,11495.0
30914.0,946.0,3729.0,876.0,1798.0,547.0,1578.0,1190.0,92.0,9127.0,9219.0,25080.0,4129.0,154753.0,2858538.0,1790.0,1857.0,6267.0,661.0,3668191,2570207,1270906,156989,2239256,59933.0
28157.0,427.0,2839.0,139.0,781.0,694.0,936.0,455.0,249.0,18435.0,18684.0,37167.0,2880.0,134298.0,2556821.0,17.0,2608.0,4285.0,743.0,2355057,1487303,766548,287425,1300723,49757.0
43210.0,1511.0,4708.0,1516.0,3163.0,3061.0,1527.0,1527.0,83.0,30678.0,30761.0,10098.0,22867.0,171585.0,3302920.0,186.0,4637.0,5017.0,463.0,5846669,4258373,2313780,157597,3371512,82465.0
20728.0,667.0,3325.0,375.0,931.0,309.0,555.0,448.0,230.0,8846.0,9076.0,18795.0,36.0,81770.0,1425517.0,8.0,3881.0,17048.0,363.0,1705154,1022451,570682,136821,997378,24550.0
11099.0,127.0,1656.0,79.0,155.0,190.0,278.0,60.0,771.0,3953.0,4724.0,4733.0,0.0,52690.0,597144.0,32.0,3001.0,1041.0,165.0,0,0,0,0,0,11401.0
423.0,13.0,4610.0,120.0,6.0,298.0,286.0,67.0,703.0,1328.0,2031.0,1293.0,15.0,21218.0,371657.0,18.0,117.0,1751.0,89.0,219297,128749,83752,28952,106562,6478.0
39256.0,3019.0,7328.0,3400.0,4435.0,1664.0,1535.0,1405.0,332.0,15411.0,15743.0,15919.0,5166.0,221601.0,2949719.0,1255.0,5986.0,6551.0,1113.0,4055155,2745817,1327472,329427,2397996,61696.0
20071.0,876.0,7775.0,770.0,148.0,287.0,996.0,441.0,310.0,9781.0,10091.0,8482.0,129.0,81321.0,1317129.0,103.0,5913.0,3534.0,463.0,1642084,1093703,561705,161932,918106,27106.0
79786.0,3730.0,2614.0,4602.0,3309.0,1920.0,826.0,377.0,721.0,38759.0,39480.0,73180.0,307.0,574573.0,8952299.0,144.0,135.0,537.0,1785.0,7060525,5273170,2272638,256774,4530814,144152.0
12426.0,374.0,2534.0,191.0,202.0,336.0,514.0,65.0,13.0,7040.0,7053.0,18831.0,0.0,95669.0,2285574.0,369.0,41.0,1006.0,336.0,1501709,972708,522921,128262,850430,33358.0
34817.0,3213.0,830.0,259.0,2874.0,713.0,1694.0,140.0,203.0,14839.0,15042.0,23919.0,0.0,80112.0,1007947.0,0.0,0.0,0.0,911.0,2067868,1511099,682428,155949,1229146,45587.0
44011.0,17723.0,5904.0,0.0,498.0,1525.0,748.0,0.0,32.0,23594.0,23626.0,40905.0,199.0,136468.0,1851934.0,141.0,0.0,0.0,1921.0,3052601,1622325,992273,238917,1819870,69247.0
18892.0,244.0,3746.0,267.0,1446.0,203.0,1039.0,91.0,11.0,6700.0,6711.0,11594.0,408.0,41662.0,1120275.0,16.0,2013.0,2586.0,393.0,1531962,1091240,520543,100638,910683,32678.0
26801.0,1959.0,1746.0,113.0,780.0,434.0,1105.0,331.0,679.0,13297.0,13976.0,22251.0,43.0,99894.0,2265209.0,604.0,111.0,744.0,170.0,2836390,1827617,968701,158975,1708087,56144.0
13460.0,1763.0,3679.0,0.0,0.0,999.0,868.0,205.0,30.0,10162.0,10192.0,21764.0,0.0,156583.0,984628.0,422.0,99.0,185.0,1017.0,2072031,954412,547413,430954,1092808,53149.0
15297.0,1303.0,11.0,775.0,218.0,434.0,317.0,287.0,276.0,10746.0,11022.0,19009.0,406.0,81482.0,2296935.0,0.0,570.0,1236.0,493.0,1385914,1014334,453473,83406,848783,33251.0
22142.0,546.0,3451.0,356.0,798.0,628.0,1312.0,1480.0,29.0,7408.0,7437.0,24002.0,1151.0,108203.0,1572165.0,92.0,530.0,1522.0,670.0,2133059,1361561,710888,124503,1297649,40563.0
25572.0,2908.0,1765.0,1362.0,1807.0,840.0,1676.0,690.0,90.0,8566.0,8656.0,29881.0,37.0,147843.0,2923334.0,407.0,3704.0,1759.0,1098.0,2712058,1793996,925669,184169,1601286,47704.0
13151.0,455.0,4070.0,0.0,489.0,615.0,840.0,346.0,94.0,8334.0,8428.0,9396.0,0.0,86029.0,1658136.0,55.0,0.0,0.0,436.0,2034834,1196608,665218,90956,1277585,41886.0
18597.0,1937.0,0.0,297.0,215.0,799.0,634.0,293.0,2730.0,19778.0,22508.0,37497.0,0.0,78690.0,1209455.0,29.0,1650.0,1317.0,701.0,2270707,1612925,719311,212041,1338583,51993.0
22877.0,1539.0,7.0,505.0,2347.0,755.0,762.0,0.0,136.0,14396.0,14532.0,35430.0,1659.0,189599.0,4831963.0,1.0,4453.0,13728.0,425.0,2014430,1467778,695323,117524,1199745,38007.0
5404.0,353.0,369.0,149.0,124.0,185.0,299.0,57.0,11.0,3112.0,3123.0,3300.0,0.0,21987.0,992453.0,10.0,350.0,1245.0,217.0,582229,357392,192085,98899,291210,8892.0
12919.0,444.0,356.0,152.0,1273.0,137.0,270.0,76.0,181.0,6350.0,6531.0,7313.0,656.0,67574.0,411180.0,0.0,5819.0,3866.0,245.0,1319294,981932,504438,82446,732295,18506.0
13964.0,690.0,4225.0,105.0,668.0,1069.0,1241.0,269.0,77.0,8383.0,8460.0,20266.0,0.0,134060.0,1917434.0,943.0,168.0,35496.0,1295.0,2351437,1392683,677988,406785,1266423,53672.0
29087.0,1417.0,855.0,207.0,1664.0,468.0,491.0,42.0,37.0,6619.0,6656.0,16964.0,3005.0,110706.0,680296.0,76.0,840.0,2010.0,1143.0,1326690,810266,440882,111192,773728,27627.0
3604.0,79.0,137.0,191.0,0.0,51.0,379.0,61.0,26.0,2054.0,2080.0,3638.0,331.0,21327.0,372780.0,3.0,0.0,1125.0,89.0,580395,385140,193134,36274,350878,10822.0
26150.0,16863.0,3704.0,1299.0,2025.0,724.0,2081.0,1057.0,64.0,9533.0,9597.0,27409.0,4925.0,138537.0,3069053.0,902.0,3815.0,6186.0,861.0,3735752,2646499,1297564,155622,2281974,64305.0
35610.0,940.0,1915.0,594.0,10271.0,737.0,1455.0,47.0,91.0,20724.0,20815.0,38653.0,5360.0,97657.0,1727789.0,0.0,2519.0,3955.0,1116.0,2391540,1532337,780692,288601,1322042,52805.0
49462.0,1637.0,3595.0,1611.0,5242.0,354.0,2859.0,1173.0,100.0,33247.0,33347.0,11108.0,28705.0,164124.0,3158346.0,149.0,2841.0,4320.0,381.0,5962841,4412116,2359090,152854,3448761,94212.0
16456.0,63.0,2787.0,213.0,785.0,393.0,590.0,320.0,58.0,7970.0,8028.0,18277.0,0.0,73408.0,1262579.0,1.0,1691.0,3276.0,536.0,1730522,1057439,578469,136978,1014919,33284.0
12025.0,46.0,1385.0,82.0,256.0,207.0,425.0,58.0,747.0,4045.0,4792.0,3969.0,0.0,53160.0,403113.0,8.0,1038.0,551.0,174.0,0,0,0,0,0,11573.0
425.0,27.0,4240.0,14.0,0.0,150.0,315.0,73.0,514.0,1539.0,2053.0,1488.0,0.0,22346.0,580120.0,2.0,254.0,1605.0,27.0,223748,134720,85868,29578,108284,7784.0
36314.0,3453.0,7349.0,5256.0,4091.0,1387.0,1572.0,1015.0,28.0,17673.0,17701.0,17715.0,5053.0,195728.0,2781310.0,1268.0,3780.0,5354.0,1679.0,4110019,2818487,1343963,331115,2434792,81258.0
22782.0,296.0,7256.0,161.0,940.0,397.0,1404.0,463.0,208.0,9595.0,9803.0,7552.0,888.0,36276.0,973934.0,6.0,5147.0,2606.0,494.0,1673579,1131526,569462,163913,940008,31079.0
89230.0,4119.0,4089.0,3889.0,7486.0,1570.0,1285.0,1222.0,603.0,41559.0,42162.0,74231.0,935.0,617185.0,11857183.0,71.0,0.0,0.0,3027.0,7214224,5435760,2332409,262543,4619272,145032.0
13540.0,343.0,1969.0,31.0,202.0,516.0,756.0,43.0,13.0,7585.0,7598.0,20646.0,0.0,73223.0,1418047.0,95.0,108.0,1227.0,341.0,1514189,995459,529153,127985,857051,36302.0
43319.0,2634.0,733.0,453.0,3182.0,802.0,2012.0,153.0,61.0,13304.0,13365.0,23041.0,0.0,51187.0,755673.0,1.0,0.0,0.0,1004.0,2092744,1551253,690030,154763,1247950,43228.0
26142.0,15243.0,4558.0,0.0,605.0,971.0,1147.0,0.0,12.0,24702.0,24714.0,40222.0,0.0,59923.0,915499.0,0.0,0.0,0.0,1977.0,3120505,1704922,1012080,236519,1871905,69804.0
18731.0,330.0,2630.0,216.0,1379.0,341.0,1016.0,302.0,10.0,6516.0,6526.0,10835.0,21.0,38629.0,702095.0,14.0,2529.0,2268.0,393.0,1551018,1118275,526541,100582,923895,27306.0
24773.0,728.0,1735.0,458.0,721.0,975.0,6904.0,550.0,123.0,12868.0,12991.0,21142.0,0.0,75178.0,1370368.0,0.0,107.0,1719.0,352.0,2880364,1887255,992140,158491,1729732,66167.0
23262.0,3224.0,3385.0,149.0,0.0,1063.0,961.0,893.0,32.0,11224.0,11256.0,21582.0,233.0,87932.0,676023.0,283.0,124.0,839.0,1132.0,2127086,1007170,553394,445728,1127961,56346.0
9116.0,1464.0,243.0,1366.0,897.0,437.0,294.0,8.0,152.0,10998.0,11150.0,18887.0,978.0,74436.0,2473066.0,0.0,2570.0,3328.0,410.0,1391753,1030494,451951,83025,856776,35688.0
22869.0,197.0,2784.0,655.0,1296.0,700.0,1844.0,1461.0,38.0,7507.0,7545.0,24608.0,903.0,110305.0,1696582.0,44.0,501.0,877.0,695.0,2160118,1396533,721253,126186,1312678,41982.0
24196.0,2588.0,978.0,1422.0,3427.0,967.0,2007.0,432.0,51.0,8280.0,8331.0,29043.0,0.0,106808.0,2209648.0,688.0,156.0,321.0,743.0,2743082,1842817,942708,181000,1619372,47989.0
17496.0,698.0,2721.0,879.0,1190.0,1113.0,725.0,753.0,44.0,8338.0,8382.0,9421.0,805.0,87471.0,963086.0,33.0,47.0,11.0,392.0,2092370,1252319,686937,89291,1316143,40897.0
16569.0,1049.0,0.0,964.0,1000.0,776.0,579.0,217.0,771.0,20223.0,20994.0,37499.0,0.0,52147.0,701772.0,2.0,836.0,800.0,655.0,2299885,1660243,722134,211848,1365902,52708.0
27424.0,1352.0,8.0,450.0,1877.0,840.0,1199.0,100.0,49.0,14649.0,14698.0,34700.0,3688.0,187797.0,5177726.0,13.0,4258.0,14483.0,368.0,2035064,1502645,698768,113296,1222999,39853.0
9931.0,515.0,0.0,51.0,38.0,193.0,392.0,70.0,0.0,2848.0,2848.0,2922.0,0.0,19438.0,704069.0,1.0,491.0,1500.0,199.0,590297,370335,193916,100879,295502,8648.0
13391.0,699.0,301.0,202.0,1977.0,119.0,311.0,46.0,117.0,6593.0,6710.0,7105.0,649.0,27451.0,200395.0,0.0,6113.0,4957.0,247.0,1329672,1001908,510003,81829,737838,18890.0
18029.0,519.0,3267.0,430.0,435.0,1147.0,950.0,272.0,15.0,10412.0,10427.0,18850.0,0.0,87914.0,659303.0,590.0,16162.0,3659.0,1401.0,2390775,1440804,685140,412365,1293268,50575.0
27268.0,2447.0,761.0,180.0,1499.0,505.0,799.0,45.0,26.0,6692.0,6718.0,16781.0,4765.0,77838.0,390256.0,19.0,643.0,2103.0,1079.0,1343734,837913,446239,108589,788903,28035.0
3450.0,92.0,118.0,380.0,116.0,47.0,374.0,67.0,9.0,1898.0,1907.0,3669.0,303.0,21228.0,290973.0,1.0,0.0,456.0,100.0,585448,393677,195437,35732,354280,10615.0
29970.0,13806.0,3267.0,1409.0,3157.0,820.0,2739.0,1011.0,75.0,9753.0,9828.0,27251.0,7541.0,127074.0,2743473.0,966.0,4388.0,7421.0,852.0,3804558,2725055,1324783,154267,2325508,70170.0
36195.0,1188.0,1158.0,688.0,6929.0,892.0,1717.0,46.0,46.0,20885.0,20931.0,41486.0,3469.0,92245.0,827365.0,0.0,2731.0,8866.0,1141.0,2428589,1578734,795095,289781,1343710,54897.0
45303.0,1417.0,3010.0,1521.0,8040.0,437.0,1680.0,943.0,70.0,32976.0,33046.0,10353.0,25266.0,114031.0,1763225.0,95.0,2021.0,2201.0,1063.0,6081322,4571409,2405288,148254,3527779,86106.0
14902.0,2.0,3075.0,352.0,1137.0,502.0,597.0,88.0,16.0,8109.0,8125.0,18413.0,0.0,63102.0,831321.0,4.0,1795.0,3880.0,666.0,1756268,1093626,586363,137136,1032768,34925.0
9976.0,129.0,757.0,126.0,492.0,172.0,452.0,45.0,502.0,3939.0,4441.0,3840.0,0.0,40005.0,313077.0,6.0,687.0,653.0,233.0,0,0,0,0,0,10579.0
782.0,42.0,3463.0,37.0,0.0,185.0,293.0,59.0,445.0,1612.0,2057.0,1558.0,0.0,11054.0,135908.0,5.0,63.0,1546.0,42.0,228291,140968,88038,30219,110034,7827.0
28182.0,1900.0,4810.0,3758.0,6164.0,1348.0,2537.0,1888.0,40.0,17789.0,17829.0,13721.0,6594.0,141669.0,2052975.0,895.0,3495.0,3735.0,1088.0,4165626,2893079,1360660,332812,2472152,76454.0
21712.0,139.0,5201.0,47.0,940.0,269.0,1182.0,445.0,137.0,9767.0,9904.0,7456.0,923.0,30786.0,331316.0,0.0,1808.0,3399.0,381.0,1705677,1170656,577327,165918,962432,28783.0
94170.0,3905.0,3962.0,3261.0,382.0,1727.0,1419.0,1099.0,397.0,49507.0,49904.0,69752.0,3469.0,563872.0,10977575.0,95.0,164.0,187.0,2256.0,7371270,5603362,2393751,268441,4709458,150500.0
13493.0,236.0,1102.0,296.0,353.0,489.0,789.0,54.0,30.0,7632.0,7662.0,20550.0,0.0,39541.0,554277.0,45.0,2272.0,1918.0,395.0,1526773,1018742,535458,127710,863723,35677.0
43343.0,1627.0,265.0,502.0,3669.0,1228.0,2364.0,325.0,87.0,6728.0,6815.0,17989.0,58.0,29813.0,561453.0,0.0,1055.0,1130.0,770.0,2117920,1592473,697717,153585,1267042,42504.0
46703.0,8600.0,3339.0,74.0,507.0,838.0,444.0,97.0,12.0,17870.0,17882.0,38923.0,0.0,46194.0,640504.0,258.0,620.0,3625.0,1546.0,3189920,1791725,1032281,234146,1925429,68583.0
21853.0,568.0,2085.0,705.0,1051.0,375.0,1094.0,233.0,9.0,4806.0,4815.0,10807.0,36.0,34889.0,556320.0,4.0,2691.0,3582.0,250.0,1570312,1145980,532607,100527,937298,30891.0
22606.0,2192.0,1496.0,416.0,932.0,770.0,1572.0,377.0,96.0,10175.0,10271.0,18680.0,12.0,65754.0,340976.0,290.0,76.0,941.0,439.0,2925021,1948838,1016145,158010,1751652,53149.0
22356.0,3039.0,574.0,211.0,31.0,1086.0,1420.0,552.0,16.0,12100.0,12116.0,17837.0,0.0,33455.0,203735.0,175.0,997.0,7404.0,658.0,2183603,1062845,559441,461010,1164246,57344.0
15500.0,833.0,55.0,1291.0,2125.0,433.0,541.0,39.0,81.0,8287.0,8368.0,15047.0,3401.0,67608.0,1147557.0,24.0,3671.0,2867.0,224.0,1397616,1046911,450433,82644,864845,36995.0
19748.0,262.0,1981.0,2023.0,1476.0,708.0,1919.0,1229.0,19.0,6544.0,6563.0,24518.0,1180.0,104169.0,1658773.0,20.0,398.0,749.0,513.0,2187521,1432405,731768,127893,1327882,38166.0
22574.0,1459.0,1293.0,2200.0,3163.0,806.0,1623.0,335.0,137.0,5913.0,6050.0,24122.0,0.0,105738.0,1674667.0,290.0,1715.0,5636.0,551.0,2774459,1892968,960061,177885,1637663,40812.0
17734.0,680.0,1509.0,1035.0,302.0,865.0,818.0,230.0,247.0,7361.0,7608.0,8024.0,1071.0,61586.0,374916.0,41.0,501.0,432.0,415.0,2151534,1310623,709364,87656,1355863,42929.0
17327.0,487.0,262.0,504.0,1185.0,687.0,909.0,243.0,224.0,12781.0,13005.0,29512.0,1957.0,64031.0,781212.0,10.0,1097.0,1279.0,457.0,2329437,1708948,724967,211656,1393778,48910.0
27498.0,283.0,3.0,665.0,2442.0,727.0,856.0,152.0,16.0,10156.0,10172.0,31850.0,3606.0,178808.0,3847615.0,1.0,5313.0,7470.0,166.0,2055908,1538339,702229,109219,1246705,38335.0
9951.0,334.0,694.0,103.0,57.0,201.0,221.0,26.0,0.0,1631.0,1631.0,2691.0,0.0,502.0,21708.0,0.0,378.0,2033.0,168.0,598476,383748,195763,102898,299856,9682.0
13732.0,791.0,200.0,284.0,3418.0,228.0,575.0,51.0,72.0,5977.0,6049.0,6652.0,718.0,18881.0,133794.0,0.0,9166.0,6062.0,210.0,1340131,1022292,515631,81217,743422,25049.0
17055.0,448.0,1543.0,500.0,369.0,885.0,1350.0,153.0,8.0,5536.0,5544.0,15792.0,0.0,65071.0,511317.0,505.0,154.0,4553.0,805.0,2430772,1490589,692368,418022,1320683,39665.0
27527.0,1403.0,345.0,484.0,1763.0,526.0,924.0,124.0,12.0,4894.0,4906.0,18272.0,2940.0,61717.0,372403.0,21.0,973.0,2330.0,777.0,1360995,866503,451662,106048,804377,28032.0
4046.0,103.0,73.0,394.0,932.0,87.0,413.0,86.0,6.0,1879.0,1885.0,3710.0,127.0,17941.0,145960.0,5.0,208.0,1176.0,122.0,590546,402404,197767,35197,357714,11278.0
31496.0,1072.0,2048.0,1272.0,3831.0,836.0,2999.0,1088.0,50.0,8536.0,8586.0,26625.0,6267.0,100696.0,1864744.0,1454.0,4439.0,6092.0,737.0,3874630,2805944,1352572,152923,2369871,67299.0
31496.0,1256.0,1573.0,471.0,2045.0,833.0,1223.0,73.0,13.0,14513.0,14526.0,33216.0,4684.0,60751.0,783390.0,2.0,2632.0,3425.0,722.0,2466211,1626535,809765,290967,1365734,46121.0
47333.0,974.0,2144.0,3806.0,7601.0,659.0,1887.0,1230.0,26.0,31910.0,31936.0,18589.0,21095.0,112345.0,1802975.0,15.0,2357.0,2575.0,966.0,6202156,4736454,2452389,143792,3608609,93680.0
16825.0,158.0,2298.0,372.0,603.0,443.0,726.0,57.0,9.0,4843.0,4852.0,16233.0,469.0,43933.0,491311.0,25.0,4324.0,11221.0,185.0,1782396,1131050,594365,137293,1050930,28517.0
10080.0,371.0,841.0,478.0,681.0,159.0,442.0,95.0,303.0,2501.0,2804.0,3661.0,0.0,25307.0,131114.0,66.0,1731.0,1639.0,204.0,0,0,0,0,0,11266.0
701.0,54.0,2901.0,25.0,0.0,194.0,315.0,571.0,252.0,935.0,1187.0,1322.0,0.0,12165.0,31760.0,367.0,40.0,1571.0,57.0,232925,147505,90262,30873,111812,6829.0
26244.0,1734.0,2336.0,5656.0,6468.0,1204.0,2818.0,2083.0,35.0,13920.0,13955.0,17005.0,7230.0,161437.0,2464223.0,634.0,5846.0,5246.0,1399.0,4221984,2969646,1377563,334518,2510086,75413.0
20194.0,142.0,3257.0,52.0,763.0,370.0,1351.0,253.0,103.0,7466.0,7569.0,5782.0,865.0,27375.0,421355.0,8.0,1960.0,2763.0,280.0,1738392,1211141,585299,167947,985392,28035.0
98626.0,4017.0,673.0,10969.0,489.0,1733.0,3219.0,1237.0,251.0,41413.0,41664.0,62941.0,3069.0,497006.0,5436990.0,665.0,13003.0,7981.0,142.0,7531734,5776132,2456706,274471,4801404,144119.0
13685.0,161.0,617.0,297.0,49.0,199.0,543.0,3.0,55.0,3167.0,3222.0,17414.0,602.0,29895.0,429073.0,11.0,2006.0,2456.0,112.0,1539462,1042569,541838,127435,870447,25742.0
43387.0,161.0,82.0,761.0,2880.0,661.0,1312.0,209.0,25.0,5138.0,5163.0,9191.0,1357.0,10161.0,96320.0,17.0,4402.0,3139.0,68.0,2143399,1634788,705490,152417,1286426,34074.0
38642.0,469.0,1669.0,227.0,440.0,1030.0,1357.0,283.0,13.0,32665.0,32678.0,38803.0,9584.0,59268.0,884131.0,2396.0,929.0,7457.0,1711.0,3260879,1882947,1052886,231796,1980483,73517.0
21376.0,392.0,596.0,676.0,1895.0,329.0,676.0,121.0,0.0,3992.0,3992.0,10340.0,3.0,29960.0,334073.0,28.0,2470.0,3137.0,179.0,1589845,1174372,538743,100471,950896,28757.0
27626.0,325.0,1210.0,1458.0,685.0,1307.0,2059.0,7343.0,90.0,6633.0,6723.0,16674.0,2581.0,39024.0,648900.0,2347.0,2787.0,3970.0,25.0,2970370,2012431,1040731,157529,1773849,62665.0
23979.0,1845.0,419.0,507.0,174.0,1792.0,1903.0,323.0,22.0,9957.0,9979.0,16109.0,0.0,47845.0,325373.0,25.0,2964.0,8726.0,526.0,2241622,1121598,565554,476815,1201698,60321.0
20286.0,464.0,6.0,1464.0,3332.0,675.0,409.0,262.0,47.0,6890.0,6937.0,14350.0,4179.0,62919.0,662462.0,17.0,4584.0,4036.0,72.0,1403504,1063590,448920,82266,872989,31480.0
11569.0,65.0,494.0,2582.0,922.0,629.0,1092.0,1323.0,11.0,4183.0,4194.0,16299.0,706.0,64064.0,810675.0,4.0,322.0,1042.0,170.0,2215272,1469197,742438,129623,1343262,26365.0
11346.0,399.0,249.0,1627.0,255.0,360.0,732.0,145.0,16.0,2745.0,2761.0,14686.0,517.0,60718.0,786386.0,60.0,622.0,2891.0,85.0,2806196,1944483,977733,174823,1656161,19395.0
15224.0,485.0,362.0,988.0,244.0,689.0,908.0,107.0,272.0,5257.0,5529.0,9755.0,236.0,57103.0,270731.0,136.0,1313.0,3599.0,145.0,2212370,1371642,732524,86051,1396783,37395.0
22684.0,277.0,45.0,378.0,508.0,587.0,1304.0,268.0,144.0,19588.0,19732.0,24412.0,9975.0,46503.0,653230.0,0.0,1801.0,1597.0,112.0,2359369,1759083,727812,211464,1422223,42450.0
27815.0,352.0,1.0,856.0,2676.0,679.0,655.0,137.0,3.0,11309.0,11312.0,28451.0,4818.0,143245.0,1971889.0,4.0,6234.0,5579.0,119.0,2076967,1574881,705707,105289,1270870,38477.0
13410.0,100.0,949.0,222.0,0.0,228.0,152.0,4.0,0.0,2817.0,2817.0,1928.0,0.0,305.0,5847.0,439.0,482.0,2696.0,46.0,606769,397646,197628,104957,304275,8748.0
11714.0,340.0,119.0,729.0,3769.0,176.0,523.0,89.0,34.0,4090.0,4124.0,6123.0,575.0,21265.0,113068.0,0.0,15400.0,7320.0,53.0,1350673,1043089,521320,80609,749049,23129.0
11608.0,484.0,1091.0,174.0,196.0,736.0,1639.0,101.0,1.0,2716.0,2717.0,7899.0,0.0,25577.0,111492.0,390.0,363.0,2438.0,62.0,2471438,1542093,699672,423757,1348679,33894.0
22937.0,469.0,184.0,692.0,267.0,379.0,329.0,4.0,1.0,4338.0,4339.0,13905.0,2696.0,30695.0,176836.0,11.0,3186.0,7990.0,98.0,1378479,896069,457150,103566,820154,28060.0
3659.0,67.0,27.0,483.0,1120.0,112.0,371.0,34.0,2.0,1049.0,1051.0,3540.0,102.0,14723.0,193925.0,66.0,1104.0,3043.0,93.0,595687,411324,200124,34671,361181,10236.0
26707.0,376.0,361.0,1506.0,3465.0,613.0,1967.0,833.0,31.0,3410.0,3441.0,18411.0,7196.0,66580.0,789451.0,3315.0,3715.0,7706.0,190.0,3945994,2889233,1380943,151591,2415081,51899.0
23645.0,391.0,1032.0,231.0,1730.0,537.0,1313.0,15.0,9.0,9696.0,9705.0,22069.0,2562.0,41142.0,452222.0,71.0,923.0,3636.0,305.0,2504416,1675784,824706,292158,1388118,29400.0
64915.0,1266.0,991.0,3686.0,9607.0,1203.0,1665.0,1215.0,39.0,34738.0,34777.0,13700.0,26926.0,65484.0,738053.0,67.0,10032.0,3142.0,50.0,6325392,4907457,2500414,139464,3691290,83149.0
13789.0,193.0,1592.0,358.0,991.0,366.0,643.0,60.0,9.0,4816.0,4825.0,14379.0,294.0,35114.0,275464.0,61.0,3835.0,8902.0,333.0,1808914,1169755,602476,137451,1069413,25723.0
17595.0,533.0,529.0,491.0,544.0,191.0,487.0,144.0,279.0,2971.0,3250.0,3156.0,0.0,15923.0,61929.0,161.0,2079.0,2792.0,137.0,0,0,0,0,0,11007.0
1995.0,139.0,3107.0,13.0,0.0,158.0,310.0,31.0,184.0,223.0,407.0,1269.0,0.0,17714.0,53499.0,450.0,77.0,2789.0,31.0,237653,154346,92542,31541,113619,6659.0
30988.0,1387.0,1062.0,3611.0,7196.0,836.0,3526.0,2653.0,36.0,11139.0,11175.0,19409.0,0.0,151392.0,2503412.0,606.0,2687.0,5628.0,147.0,4279106,3048240,1394677,336233,2548602,53634.0
19427.0,280.0,2842.0,538.0,1379.0,402.0,1070.0,327.0,68.0,6457.0,6525.0,4252.0,125.0,32113.0,346168.0,1.0,7449.0,6230.0,103.0,1771734,1253025,593383,170001,1008899,29098.0
62923.0,1043.0,392.0,8901.0,18558.0,1361.0,2411.0,1161.0,284.0,40363.0,40647.0,67380.0,5423.0,519985.0,6244399.0,641.0,13834.0,7018.0,233.0,7695691,5954228,2521318,280638,4895145,143246.0
17703.0,455.0,464.0,272.0,160.0,256.0,625.0,55.0,0.0,7951.0,7951.0,20733.0,279.0,45151.0,529136.0,24.0,1713.0,2484.0,222.0,1552255,1066954,548295,127160,877223,29178.0
42597.0,315.0,59.0,758.0,3582.0,531.0,1142.0,162.0,40.0,10861.0,10901.0,17434.0,2499.0,41358.0,752936.0,12.0,4771.0,1857.0,456.0,2169185,1678228,713349,151258,1306107,32396.0
44672.0,1419.0,981.0,326.0,2266.0,1142.0,1451.0,278.0,11.0,32973.0,32984.0,42303.0,5674.0,67837.0,645753.0,3700.0,1566.0,7499.0,1898.0,3333416,1978813,1073902,229470,2037111,75737.0
23891.0,446.0,92.0,426.0,1269.0,430.0,400.0,215.0,0.0,4832.0,4832.0,10363.0,0.0,26846.0,269238.0,628.0,6548.0,2598.0,236.0,1609621,1203466,544950,100415,964691,26858.0
24344.0,788.0,483.0,1754.0,1196.0,815.0,1849.0,10218.0,126.0,6363.0,6489.0,15082.0,2511.0,60643.0,653400.0,1636.0,1155.0,3871.0,66.0,3016422,2078099,1065913,157050,1796328,56436.0
29432.0,2501.0,565.0,349.0,17.0,764.0,1152.0,220.0,94.0,14254.0,14348.0,19876.0,3744.0,65733.0,305377.0,73.0,2091.0,9956.0,837.0,2301182,1183598,571733,493162,1240355,56937.0
20116.0,437.0,4.0,2042.0,3165.0,350.0,502.0,507.0,47.0,17420.0,17467.0,15096.0,9785.0,81817.0,1168901.0,7.0,7070.0,5706.0,86.0,1409417,1080535,447412,81890,881210,33510.0
13976.0,60.0,307.0,4149.0,1118.0,814.0,1478.0,2484.0,46.0,4498.0,4544.0,17311.0,81.0,72265.0,726546.0,0.0,6744.0,25068.0,232.0,2243374,1506935,753263,131376,1358819,32068.0
12786.0,854.0,119.0,1855.0,905.0,238.0,445.0,54.0,9.0,3410.0,3419.0,15128.0,220.0,58375.0,527775.0,45.0,1249.0,3540.0,135.0,2838296,1997400,995731,171815,1674868,21200.0
25993.0,778.0,920.0,761.0,1343.0,946.0,1179.0,150.0,352.0,8883.0,9235.0,11302.0,1291.0,62226.0,258103.0,566.0,10674.0,3793.0,151.0,2274927,1435502,756440,84475,1438938,37325.0
29631.0,697.0,7.0,420.0,484.0,632.0,1146.0,314.0,100.0,17567.0,17667.0,27026.0,7268.0,38860.0,358330.0,1.0,2101.0,3070.0,121.0,2389686,1810688,730668,211273,1451249,46030.0
31861.0,891.0,11.0,849.0,3384.0,698.0,532.0,105.0,45.0,16346.0,16391.0,29699.0,9873.0,154711.0,1564422.0,6.0,6408.0,10552.0,410.0,2098241,1612292,709203,101501,1295504,35696.0
16534.0,185.0,858.0,195.0,0.0,194.0,238.0,17.0,3.0,2496.0,2499.0,2337.0,0.0,8795.0,109639.0,880.0,2083.0,1813.0,68.0,615177,412047,199511,107058,308758,8436.0
15222.0,680.0,4.0,651.0,3160.0,119.0,590.0,289.0,8.0,4510.0,4518.0,7031.0,267.0,26853.0,156361.0,0.0,9886.0,7298.0,40.0,1361298,1064310,527072,80006,754718,18031.0
12614.0,520.0,420.0,173.0,218.0,738.0,1676.0,115.0,1.0,3932.0,3933.0,8962.0,19.0,31328.0,125847.0,321.0,942.0,2893.0,62.0,2512784,1595377,707054,429570,1377268,35308.0
30054.0,887.0,121.0,983.0,501.0,307.0,259.0,119.0,1.0,5558.0,5559.0,12441.0,5438.0,49585.0,217138.0,24.0,3955.0,10755.0,223.0,1396188,926643,462705,101142,836240,25816.0
5203.0,119.0,7.0,402.0,1072.0,53.0,345.0,24.0,5.0,1420.0,1425.0,3650.0,0.0,17939.0,178194.0,54.0,1134.0,3456.0,81.0,600874,420442,202510,34153,364682,9619.0
28543.0,679.0,280.0,1134.0,4028.0,675.0,1992.0,1023.0,29.0,6246.0,6275.0,20153.0,6481.0,88408.0,918052.0,7230.0,4522.0,9909.0,408.0,4018672,2974994,1409911,150271,2461154,55878.0
24557.0,619.0,256.0,299.0,2056.0,597.0,1904.0,68.0,8.0,12341.0,12349.0,23244.0,953.0,49695.0,309799.0,246.0,824.0,5844.0,490.0,2543213,1726524,839922,293353,1410870,31496.0
76476.0,1669.0,588.0,3900.0,9669.0,842.0,1611.0,1137.0,26.0,34565.0,34591.0,14795.0,26535.0,125882.0,1555504.0,55.0,12733.0,4523.0,88.0,6451076,5084634,2549378,135267,3775865,96717.0
16162.0,214.0,1099.0,306.0,1517.0,444.0,472.0,39.0,10.0,6528.0,6538.0,14379.0,206.0,45021.0,356996.0,458.0,5845.0,8753.0,277.0,1835825,1209785,610698,137609,1088220,27625.0
22105.0,1609.0,168.0,505.0,541.0,167.0,596.0,113.0,507.0,3037.0,3544.0,3258.0,0.0,17637.0,103577.0,62.0,1097.0,3629.0,165.0,0,0,0,0,0,10021.0
4314.0,227.0,2424.0,57.0,0.0,167.0,329.0,193.0,349.0,1116.0,1465.0,1049.0,0.0,18659.0,54727.0,311.0,738.0,3560.0,19.0,242477,161504,94880,32223,115455,6182.0
30924.0,1121.0,273.0,3436.0,7396.0,822.0,1423.0,3019.0,18.0,9493.0,9511.0,18613.0,3.0,166998.0,2324034.0,603.0,5117.0,8619.0,176.0,4337000,3128913,1412004,337957,2587709,49532.0
21420.0,917.0,1961.0,1116.0,1728.0,562.0,1038.0,347.0,117.0,7216.0,7333.0,5067.0,435.0,36594.0,332651.0,0.0,30839.0,16638.0,135.0,1805715,1296357,601577,172081,1032967,29482.0
79215.0,1597.0,116.0,17494.0,25385.0,1933.0,3211.0,2507.0,164.0,47090.0,47254.0,75372.0,4994.0,523180.0,5908930.0,446.0,21834.0,12960.0,196.0,7863217,6137817,2587628,286942,4990716,155629.0
16193.0,444.0,358.0,365.0,118.0,200.0,565.0,39.0,0.0,5417.0,5417.0,19127.0,314.0,57904.0,641371.0,77.0,1569.0,2841.0,145.0,1565156,1091909,554828,126886,884053,28290.0
45172.0,246.0,26.0,768.0,4156.0,593.0,1172.0,174.0,37.0,10236.0,10273.0,15503.0,1116.0,33871.0,514959.0,4.0,8685.0,2594.0,397.0,2195280,1722823,721296,150107,1326088,41071.0
44289.0,1408.0,240.0,307.0,2122.0,918.0,1377.0,361.0,3.0,32235.0,32238.0,41741.0,7122.0,72687.0,686454.0,5694.0,1600.0,6918.0,1558.0,3407566,2079560,1095338,227167,2095359,80484.0
21814.0,657.0,34.0,863.0,1404.0,401.0,715.0,202.0,0.0,6001.0,6001.0,10756.0,150.0,35623.0,410381.0,1436.0,3640.0,3187.0,179.0,1629643,1233281,551228,100360,978686,27840.0
18937.0,489.0,475.0,1995.0,6540.0,581.0,1232.0,8387.0,93.0,8947.0,9040.0,15298.0,2615.0,65066.0,687997.0,1266.0,11921.0,29700.0,50.0,3063188,2145910,1091703,156573,1819092,53014.0
29173.0,4108.0,616.0,612.0,75.0,814.0,1007.0,360.0,57.0,15477.0,15534.0,17884.0,2382.0,102148.0,439658.0,0.0,2821.0,9183.0,773.0,2362325,1249026,577980,510070,1280255,64558.0
21661.0,409.0,0.0,2108.0,3217.0,334.0,775.0,472.0,67.0,14497.0,14564.0,11050.0,11718.0,83467.0,1426492.0,14.0,8847.0,12528.0,63.0,1415355,1097749,445910,81515,889509,32036.0
14238.0,10.0,171.0,2189.0,954.0,446.0,1012.0,636.0,10.0,4271.0,4281.0,19008.0,54.0,78234.0,1031174.0,1.0,8607.0,24068.0,204.0,2271834,1545642,764245,133152,1374557,24933.0
19039.0,158.0,88.0,1601.0,1391.0,425.0,573.0,124.0,41.0,3346.0,3387.0,15374.0,825.0,71334.0,687288.0,197.0,4315.0,4286.0,204.0,2870763,2051757,1014059,168858,1693785,25968.0
30654.0,699.0,313.0,565.0,1513.0,678.0,602.0,53.0,1.0,8373.0,8374.0,11644.0,1757.0,64594.0,265081.0,441.0,5670.0,13509.0,156.0,2339252,1502336,781136,82929,1482365,55360.0
30132.0,308.0,32.0,613.0,195.0,591.0,1204.0,383.0,244.0,19244.0,19488.0,29568.0,6193.0,45536.0,351356.0,1.0,2936.0,4631.0,68.0,2420392,1863807,733535,211081,1480867,44957.0
30446.0,939.0,14.0,1067.0,3730.0,690.0,623.0,164.0,29.0,17848.0,17877.0,27467.0,12850.0,169391.0,1220959.0,5.0,6046.0,16495.0,356.0,2119733,1650591,712716,97849,1320615,34562.0
19702.0,208.0,888.0,238.0,0.0,216.0,223.0,15.0,0.0,3164.0,3164.0,3012.0,0.0,10708.0,100743.0,1226.0,735.0,2572.0,63.0,623701,426970,201412,109200,313308,8802.0
14365.0,639.0,3.0,704.0,2606.0,150.0,513.0,327.0,10.0,5060.0,5070.0,7650.0,281.0,24914.0,120809.0,0.0,4877.0,7809.0,55.0,1372006,1085963,532887,79408,760431,17784.0
10704.0,378.0,184.0,266.0,424.0,666.0,1619.0,84.0,1.0,4728.0,4729.0,6899.0,0.0,38556.0,135942.0,264.0,3010.0,2625.0,197.0,2554822,1650502,714513,435463,1406463,37591.0
29994.0,713.0,57.0,1008.0,895.0,324.0,198.0,92.0,4.0,8307.0,8311.0,12665.0,10179.0,51406.0,246234.0,17.0,4190.0,9233.0,273.0,1414123,958261,468328,98775,852642,28019.0
6275.0,154.0,11.0,566.0,1404.0,41.0,273.0,49.0,0.0,1599.0,1599.0,3235.0,22.0,19011.0,190493.0,49.0,3614.0,3734.0,73.0,606105,429762,204925,33642,368217,10903.0
32413.0,1240.0,319.0,2566.0,6734.0,680.0,2024.0,885.0,37.0,5787.0,5824.0,21641.0,4905.0,91408.0,1077169.0,5225.0,4450.0,9309.0,433.0,4092688,3063302,1439485,148962,2508106,61973.0
28359.0,1386.0,297.0,375.0,2107.0,603.0,1895.0,73.0,5.0,12827.0,12832.0,21447.0,2119.0,52680.0,454551.0,183.0,2112.0,6157.0,518.0,2582611,1778801,855418,294553,1433994,33071.0
81425.0,1916.0,458.0,4241.0,10916.0,808.0,1287.0,1241.0,14.0,33147.0,33161.0,11958.0,26334.0,120412.0,1449457.0,11.0,23383.0,75389.0,157.0,6579258,5268208,2599302,131196,3862379,98628.0
19074.0,316.0,472.0,406.0,1102.0,374.0,424.0,16.0,6.0,6630.0,6636.0,13206.0,2222.0,46902.0,336879.0,250.0,3278.0,10083.0,277.0,1863138,1251184,619032,137767,1107358,28467.0
19640.0,874.0,88.0,477.0,555.0,191.0,574.0,101.0,419.0,3522.0,3941.0,3716.0,0.0,37110.0,170561.0,102.0,1513.0,5608.0,170.0,0,0,0,0,0,10263.0
5481.0,224.0,2042.0,46.0,0.0,121.0,236.0,14.0,394.0,1813.0,2207.0,812.0,0.0,18917.0,65238.0,31.0,1068.0,3214.0,40.0,247399,168994,97277,32921,117320,5475.0
31625.0,1230.0,267.0,3328.0,7947.0,879.0,838.0,2589.0,14.0,9448.0,9462.0,20390.0,42.0,190622.0,2680580.0,675.0,5829.0,12821.0,236.0,4395677,3211721,1429545,339689,2627416,58094.0
20326.0,1204.0,669.0,1157.0,2250.0,411.0,1053.0,176.0,138.0,10181.0,10319.0,4389.0,1141.0,30144.0,273291.0,0.0,22083.0,22255.0,96.0,1840348,1341188,609885,174186,1057610,30445.0
67022.0,1416.0,131.0,12345.0,31517.0,1222.0,2528.0,1617.0,209.0,45215.0,45424.0,76140.0,5200.0,575354.0,7324946.0,430.0,18586.0,14677.0,116.0,8034390,6327066,2655683,293389,5088153,143419.0
19640.0,754.0,251.0,855.0,1180.0,269.0,710.0,54.0,21.0,4322.0,4343.0,18740.0,271.0,64082.0,705312.0,14.0,3191.0,3850.0,124.0,1578163,1117448,561439,126613,890935,25063.0
29053.0,274.0,27.0,1107.0,6618.0,685.0,773.0,120.0,23.0,11191.0,11214.0,15197.0,4034.0,39131.0,684783.0,1.0,20156.0,4188.0,459.0,2221690,1768602,729331,148966,1346375,35785.0
45104.0,2015.0,131.0,272.0,6878.0,1298.0,1543.0,413.0,1.0,20800.0,20801.0,37724.0,1458.0,74624.0,892812.0,6010.0,15218.0,6343.0,1149.0,3483366,2185436,1117202,224887,2155272,71373.0
22104.0,327.0,9.0,751.0,2855.0,294.0,763.0,147.0,2.0,6218.0,6220.0,12630.0,53.0,39970.0,555140.0,1320.0,1146.0,2712.0,242.0,1649914,1263835,557579,100304,992885,26790.0
19809.0,764.0,217.0,1876.0,2437.0,487.0,1126.0,21.0,93.0,8903.0,8996.0,15670.0,2459.0,72331.0,698829.0,766.0,8132.0,10519.0,85.0,3110680,2215934,1118118,156096,1842143,51003.0
33966.0,2736.0,193.0,859.0,165.0,558.0,1159.0,287.0,197.0,14486.0,14683.0,22187.0,99.0,98070.0,716381.0,6.0,3304.0,9987.0,1172.0,2425093,1318071,584295,527557,1321439,64129.0
20937.0,520.0,0.0,2534.0,3104.0,239.0,501.0,758.0,128.0,14568.0,14696.0,9312.0,12496.0,78093.0,1448402.0,11.0,12494.0,14423.0,37.0,1421318,1115238,444412,81142,897886,31714.0
13859.0,52.0,102.0,2226.0,985.0,583.0,933.0,619.0,12.0,3837.0,3849.0,20557.0,10.0,93624.0,1160216.0,2.0,8856.0,24527.0,229.0,2300654,1585344,775388,134953,1390478,29539.0
16438.0,118.0,36.0,1947.0,23.0,288.0,589.0,111.0,36.0,2752.0,2788.0,17558.0,595.0,84670.0,847614.0,309.0,3205.0,4829.0,214.0,2903602,2107594,1032725,165952,1712917,21620.0
38037.0,989.0,154.0,738.0,2135.0,654.0,725.0,94.0,3.0,8175.0,8178.0,10935.0,4310.0,83803.0,401267.0,234.0,3808.0,4428.0,154.0,2405396,1572280,806639,81411,1527102,49713.0
33003.0,593.0,6.0,1010.0,377.0,388.0,877.0,320.0,142.0,18988.0,19130.0,27815.0,5377.0,47050.0,494542.0,38.0,5321.0,4787.0,82.0,2451493,1918485,736413,210890,1511089,49043.0
31872.0,618.0,4.0,1304.0,5102.0,616.0,623.0,183.0,33.0,16326.0,16359.0,27287.0,13377.0,171534.0,1432227.0,11.0,6221.0,16369.0,394.0,2141445,1689800,716246,94328,1346213,36594.0
9221.0,4.0,1168.0,257.0,0.0,223.0,231.0,10.0,1.0,2647.0,2648.0,2827.0,0.0,9754.0,103394.0,1860.0,865.0,3465.0,65.0,632344,442434,203331,111386,317925,8797.0
11611.0,193.0,1.0,877.0,2941.0,131.0,603.0,365.0,6.0,3855.0,3861.0,6709.0,239.0,28317.0,128878.0,1.0,5920.0,8344.0,49.0,1382798,1108056,538767,78813,766186,16432.0
10932.0,564.0,64.0,326.0,465.0,436.0,1503.0,59.0,0.0,3656.0,3656.0,7558.0,0.0,37937.0,123402.0,156.0,3154.0,3797.0,221.0,2597563,1707532,722050,441437,1436278,36337.0
16925.0,258.0,22.0,1213.0,862.0,296.0,146.0,116.0,200.0,8644.0,8844.0,12201.0,13599.0,59583.0,260109.0,68.0,3825.0,11365.0,167.0,1432290,990958,474019,96463,869366,31078.0
4589.0,138.0,25.0,549.0,1681.0,126.0,240.0,57.0,0.0,1443.0,1443.0,3058.0,0.0,15101.0,241507.0,20.0,3233.0,4398.0,45.0,611382,439288,207368,33140,371786,10441.0
30655.0,1151.0,120.0,3030.0,7778.0,719.0,2060.0,884.0,35.0,7447.0,7482.0,22905.0,6307.0,101176.0,1400246.0,4040.0,5109.0,9517.0,461.0,4168068,3154230,1469680,147664,2555953,57328.0
29274.0,1136.0,361.0,672.0,3384.0,517.0,1433.0,147.0,41.0,14022.0,14063.0,23461.0,509.0,60214.0,628194.0,6.0,2671.0,12238.0,551.0,2622619,1832660,871201,295758,1457497,31128.0
90673.0,2051.0,200.0,5098.0,11975.0,796.0,1330.0,1216.0,16.0,31916.0,31932.0,14172.0,23308.0,145404.0,1958578.0,38.0,17630.0,64503.0,205.0,6709987,5458409,2650203,127247,3950874,102037.0
16035.0,324.0,186.0,624.0,2747.0,308.0,366.0,38.0,6.0,6001.0,6007.0,14264.0,1909.0,59102.0,384803.0,302.0,2236.0,10861.0,227.0,1890856,1294001,627479,137925,1126833,28774.0
7619.0,454.0,110.0,597.0,486.0,120.0,551.0,72.0,361.0,3767.0,4128.0,3916.0,0.0,40672.0,348847.0,105.0,2899.0,7612.0,183.0,0,0,0,0,0,8518.0
4465.0,272.0,1497.0,115.0,0.0,119.0,283.0,33.0,352.0,2232.0,2584.0,785.0,3.0,22258.0,69509.0,134.0,2109.0,4994.0,85.0,252422,176831,99734,33634,119216,4916.0
29367.0,958.0,149.0,3236.0,7856.0,931.0,1128.0,2627.0,12.0,12123.0,12135.0,19436.0,519.0,197246.0,3000812.0,558.0,7252.0,12959.0,293.0,4455149,3296721,1447305,341430,2667733,53562.0
21728.0,1564.0,258.0,1387.0,1659.0,358.0,1105.0,297.0,147.0,9093.0,9240.0,5516.0,1808.0,37324.0,296481.0,0.0,11563.0,28885.0,86.0,1875645,1387570,618308,176316,1082840,29994.0
81474.0,7131.0,217.0,13362.0,31742.0,1733.0,2736.0,4250.0,340.0,48850.0,49190.0,72824.0,13445.0,593044.0,6438511.0,391.0,17776.0,16881.0,1177.0,8209290,6522150,2725527,299980,5187493,145459.0
20119.0,769.0,221.0,874.0,984.0,136.0,658.0,30.0,1.0,5392.0,5393.0,18254.0,1617.0,68055.0,628576.0,123.0,2742.0,3582.0,347.0,1591278,1143584,568129,126340,897871,18889.0
31888.0,233.0,28.0,1663.0,6387.0,509.0,911.0,198.0,30.0,11891.0,11921.0,18431.0,582.0,45452.0,653511.0,21.0,4937.0,5355.0,993.0,2248417,1815598,737456,147833,1366973,35779.0
65053.0,1099.0,180.0,332.0,8633.0,1083.0,1396.0,307.0,2.0,18463.0,18465.0,18257.0,1157.0,70100.0,797479.0,6782.0,5810.0,5871.0,1751.0,3560853,2296703,1139502,222630,2216897,69866.0
23440.0,472.0,24.0,471.0,3644.0,305.0,1001.0,66.0,0.0,5041.0,5041.0,13113.0,100.0,41816.0,372241.0,754.0,793.0,3549.0,485.0,1670437,1295146,564003,100249,1007289,24181.0
38873.0,842.0,188.0,1876.0,1905.0,457.0,1257.0,11.0,106.0,11257.0,11363.0,15207.0,2487.0,85913.0,684331.0,706.0,2166.0,5930.0,441.0,3158907,2288242,1145172,155622,1865488,45549.0
61537.0,4094.0,185.0,991.0,71.0,545.0,1012.0,164.0,264.0,14373.0,14637.0,22845.0,282.0,103077.0,797167.0,4.0,3204.0,8980.0,1569.0,2489528,1390932,590679,545644,1363948,60302.0
21101.0,944.0,2.0,2492.0,2236.0,134.0,521.0,357.0,83.0,13547.0,13630.0,11238.0,12209.0,79713.0,1450175.0,165.0,7313.0,13026.0,306.0,1427306,1133006,442920,80770,906341,26332.0
18258.0,182.0,183.0,2670.0,1246.0,416.0,1115.0,550.0,2.0,4511.0,4513.0,19602.0,301.0,58218.0,1156903.0,17.0,10010.0,26614.0,1277.0,2329839,1626065,786693,136778,1406582,29193.0
19537.0,449.0,44.0,1864.0,257.0,259.0,444.0,109.0,4.0,3784.0,3788.0,17776.0,576.0,89211.0,746865.0,272.0,1046.0,3813.0,314.0,2936816,2164950,1051735,163096,1732264,21493.0
37930.0,820.0,123.0,829.0,1821.0,523.0,777.0,99.0,0.0,7903.0,7903.0,10764.0,2525.0,96697.0,492300.0,216.0,892.0,3420.0,564.0,2473411,1645482,832975,79920,1573190,54573.0
39374.0,580.0,15.0,1268.0,728.0,325.0,1281.0,240.0,36.0,17205.0,17241.0,26475.0,9594.0,40909.0,409824.0,32.0,3146.0,8977.0,431.0,2482994,1974767,739303,210698,1541928,48020.0
29782.0,434.0,3.0,1391.0,8987.0,686.0,1168.0,230.0,24.0,10776.0,10800.0,27077.0,6953.0,181287.0,1706089.0,4.0,6510.0,16084.0,730.0,2163380,1729940,719794,90934,1372307,44053.0
9117.0,58.0,695.0,375.0,124.0,239.0,384.0,16.0,1.0,2662.0,2663.0,2708.0,60.0,11969.0,117881.0,2684.0,1193.0,3216.0,268.0,641106,458457,205269,113615,322610,9086.0
14788.0,91.0,1.0,1073.0,3444.0,132.0,739.0,327.0,15.0,4017.0,4032.0,6488.0,126.0,34570.0,213306.0,65.0,2681.0,9940.0,237.0,1393676,1130598,544711,78224,771986,16889.0
29104.0,837.0,117.0,809.0,801.0,485.0,1435.0,130.0,16.0,5818.0,5834.0,14195.0,1036.0,44954.0,324886.0,94.0,909.0,2712.0,1091.0,2641019,1766533,729668,447492,1466724,38060.0
9453.0,456.0,2.0,986.0,1915.0,369.0,149.0,185.0,178.0,15525.0,15703.0,14090.0,19807.0,60084.0,275113.0,195.0,3706.0,12076.0,505.0,1450689,1024770,479779,94205,886418,38404.0
12632.0,167.0,24.0,676.0,1649.0,25.0,161.0,84.0,0.0,1166.0,1166.0,3146.0,39.0,16590.0,193476.0,14.0,660.0,1613.0,143.0,616705,449026,209840,32644,375390,8629.0
33376.0,1112.0,139.0,3279.0,4522.0,624.0,2290.0,935.0,19.0,7085.0,7104.0,29551.0,2751.0,97141.0,1366285.0,2331.0,9709.0,17301.0,1170.0,4244836,3247858,1500509,146378,2604713,59870.0
27925.0,4938.0,307.0,801.0,2834.0,354.0,1011.0,198.0,229.0,6012.0,6241.0,20049.0,1741.0,58072.0,673854.0,194.0,2210.0,12606.0,976.0,2663247,1888151,887275,296969,1481386,26882.0
107961.0,1155.0,67.0,7470.0,31595.0,809.0,1248.0,1206.0,31.0,55274.0,55305.0,16074.0,45496.0,188866.0,2721606.0,131.0,23027.0,73588.0,850.0,6843313,5655478,2702101,123417,4041397,166962.0
25701.0,256.0,141.0,219.0,2086.0,208.0,438.0,14.0,60.0,6699.0,6759.0,14911.0,2340.0,54757.0,776329.0,807.0,1946.0,10308.0,481.0,1918987,1338282,636042,138083,1146650,24501.0
9464.0,381.0,97.0,638.0,160.0,110.0,373.0,82.0,283.0,3087.0,3370.0,4131.0,0.0,44403.0,433365.0,329.0,2521.0,3062.0,285.0,0,0,0,0,0,8676.0
6543.0,140.0,1177.0,102.0,0.0,89.0,246.0,39.0,282.0,1671.0,1953.0,927.0,0.0,21743.0,75822.0,227.0,921.0,2645.0,194.0,257546,185032,102254,34361,121143,5378.0
44160.0,1015.0,73.0,4844.0,8855.0,853.0,1088.0,1346.0,8.0,10239.0,10247.0,18088.0,2526.0,169153.0,2183395.0,586.0,6596.0,18631.0,2460.0,4515425,3383971,1465285,343180,2708668,51628.0
31262.0,374.0,213.0,1438.0,354.0,427.0,823.0,308.0,143.0,10233.0,10376.0,5602.0,2795.0,38044.0,306669.0,26.0,2137.0,17485.0,314.0,1911620,1435555,626847,178473,1108672,33108.0
66974.0,4503.0,124.0,13670.0,20612.0,1068.0,2988.0,1234.0,166.0,50789.0,50955.0,78450.0,9405.0,484808.0,5569651.0,507.0,28817.0,37399.0,1349.0,8387996,6723249,2797208,306719,5288772,141787.0
21704.0,820.0,149.0,930.0,1421.0,110.0,556.0,19.0,0.0,5463.0,5463.0,15356.0,0.0,68529.0,676736.0,142.0,2776.0,4818.0,297.0,1604503,1170332,574899,126068,904861,20329.0
32170.0,2038.0,11.0,1437.0,5397.0,465.0,511.0,140.0,26.0,11532.0,11558.0,10935.0,227.0,23328.0,435388.0,99.0,5105.0,8141.0,686.0,2275466,1863842,745671,146708,1387886,34046.0
68157.0,10129.0,77.0,732.0,7653.0,1043.0,1634.0,476.0,2.0,23610.0,23612.0,16039.0,908.0,63978.0,675312.0,6830.0,1288.0,9660.0,1528.0,3640062,2413634,1162247,220395,2280285,72768.0
17880.0,665.0,2.0,332.0,4380.0,245.0,844.0,23.0,2.0,5347.0,5349.0,13689.0,615.0,49034.0,453632.0,325.0,1115.0,3908.0,278.0,1691216,1327233,570501,100193,1021902,24213.0
30502.0,747.0,163.0,2265.0,3166.0,426.0,1090.0,178.0,55.0,11193.0,11248.0,15208.0,3862.0,65168.0,712826.0,466.0,5255.0,7709.0,546.0,3207882,2362910,1172880,155149,1889127,49783.0
72637.0,9388.0,25.0,920.0,118.0,619.0,965.0,354.0,133.0,12040.0,12173.0,12776.0,0.0,97686.0,546481.0,122.0,2358.0,8196.0,1130.0,2555676,1467820,597133,564351,1407824,61841.0
22327.0,1208.0,2.0,3001.0,4380.0,206.0,669.0,478.0,98.0,11234.0,11332.0,12021.0,8694.0,65075.0,924879.0,38.0,9394.0,29940.0,448.0,1433319,1151056,441432,80400,914876,25680.0
23960.0,297.0,388.0,2821.0,2331.0,418.0,903.0,504.0,3.0,3802.0,3805.0,26570.0,119.0,106299.0,1274674.0,16.0,10332.0,38965.0,772.0,2359395,1667832,798163,138628,1422873,21323.0
15049.0,464.0,5.0,2364.0,4074.0,243.0,205.0,111.0,2.0,3886.0,3888.0,16342.0,514.0,85003.0,606337.0,60.0,1303.0,4822.0,264.0,2970410,2223866,1071095,160289,1751831,21981.0
39415.0,1172.0,75.0,911.0,2377.0,529.0,586.0,26.0,0.0,10500.0,10500.0,10551.0,4127.0,99668.0,537245.0,399.0,1381.0,3450.0,512.0,2543348,1722091,860170,78457,1620668,43864.0
39101.0,3394.0,0.0,1408.0,405.0,321.0,791.0,234.0,15.0,19012.0,19027.0,26887.0,10684.0,41141.0,364327.0,38.0,3711.0,12227.0,456.0,2514899,2032699,742204,210507,1573397,47906.0
26548.0,674.0,3.0,1145.0,7057.0,450.0,1672.0,243.0,23.0,7848.0,7871.0,28944.0,650.0,205431.0,1642144.0,1.0,6586.0,30678.0,726.0,2185539,1771034,723359,87662,1398906,33720.0
9352.0,72.0,223.0,372.0,106.0,155.0,457.0,14.0,6.0,2448.0,2454.0,1954.0,60.0,13314.0,169359.0,2312.0,695.0,2391.0,264.0,649990,475061,207225,115889,327364,8021.0
12942.0,155.0,0.0,755.0,3496.0,93.0,749.0,341.0,9.0,4463.0,4472.0,6996.0,213.0,39232.0,222384.0,64.0,2979.0,10662.0,166.0,1404639,1153599,550721,77638,777829,15316.0
29617.0,2477.0,3.0,681.0,1597.0,426.0,1320.0,570.0,32.0,7092.0,7124.0,16183.0,487.0,40262.0,371087.0,60.0,1473.0,3266.0,806.0,2685202,1827572,737365,453631,1497815,35805.0
11552.0,629.0,3.0,954.0,1143.0,250.0,185.0,110.0,171.0,10160.0,10331.0,13801.0,10098.0,52319.0,253351.0,403.0,1382.0,9394.0,385.0,1469325,1059736,485609,92000,903804,30405.0
6207.0,269.0,12.0,646.0,1704.0,53.0,106.0,86.0,0.0,1323.0,1323.0,2991.0,36.0,16136.0,173139.0,9.0,1787.0,5756.0,138.0,622075,458979,212342,32156,379029,8073.0
33146.0,1563.0,114.0,4294.0,7910.0,551.0,2335.0,1211.0,60.0,7525.0,7585.0,31053.0,1330.0,98192.0,1645515.0,1516.0,4219.0,13950.0,1652.0,4323018,3344264,1531984,145103,2654403,62797.0
26643.0,9919.0,413.0,804.0,6434.0,504.0,1258.0,200.0,194.0,10283.0,10477.0,20594.0,79.0,61651.0,723983.0,198.0,2266.0,11852.0,592.0,2704505,1945321,903646,298184,1505666,29982.0
49743.0,1460.0,32.0,5579.0,23093.0,752.0,919.0,1134.0,40.0,33822.0,33862.0,13224.0,24696.0,163753.0,2109692.0,55.0,23136.0,75601.0,1519.0,6979288,5859661,2755015,119703,4133994,102622.0
24558.0,905.0,86.0,242.0,2543.0,269.0,264.0,12.0,54.0,8945.0,8999.0,13534.0,2243.0,43280.0,487504.0,383.0,2622.0,10689.0,372.0,1947537,1384079,644722,138242,1166816,22751.0
14265.0,125.0,21.0,676.0,443.0,96.0,370.0,28.0,250.0,3210.0,3460.0,3885.0,0.0,37031.0,449003.0,43.0,2436.0,2328.0,226.0,0,0,0,0,0,8061.0
5148.0,472.0,458.0,130.0,0.0,58.0,233.0,22.0,209.0,2030.0,2239.0,1006.0,0.0,22625.0,75509.0,167.0,1212.0,5206.0,136.0,262774,193614,104837,35105,123100,4444.0
32594.0,1496.0,50.0,4693.0,8560.0,1189.0,1324.0,1736.0,18.0,12659.0,12677.0,19743.0,1767.0,147243.0,1578097.0,229.0,6396.0,18499.0,1787.0,4576516,3473529,1483489,344939,2750231,46848.0
29330.0,367.0,55.0,1620.0,568.0,249.0,934.0,301.0,151.0,8236.0,8387.0,6008.0,1329.0,38010.0,277811.0,5.0,1889.0,14452.0,257.0,1948284,1485200,635504,180656,1135120,29204.0
