Indicator,Total number of pregnant women Registered for ANC,Number of Pregnant women registered within first trimester,Number of pregnant women received 3 ANC check ups,TT2 or Booster given to Pregnant women (numbers),Number of Pregnant women given 100 IFA tablets,Number having Hb level<11 (tested cases),Number having severe anaemia (Hb<7) treated at institution,Number of Home deliveries,Number of home deliveries attended by SBA trained (Doctor/Nurse/ANM),Number of home deliveries attended by Non SBA trained (trained TB/Dai),Deliveries Conducted at Public Institutions,Number of Women Discharged under 48 hours of delivery in public facilities,Institutional deliveries (Public Insts.+Pvt. Insts.),Total reported deliveries,Number of C-section deliveries conducted at public facilities,Number of C-section deliveries conducted at private facilities,Total Number of reported Still Births,Number of Newborns having weight less than 2.5 kg,Number of New Borns Breast Fed within 1 hour,Sex Ratio at birth ( Female Live Bitrths/ Male Births *1000),Total Number of Abortions ( Spontaneous/ Induced) Reported,Total Number of MTPs ( Public) reported,Number of Vasectomies Conducted (Public + Pvt.),Number of Tubectomies Conducted (Public + Pvt.),Total Sterilisation Conducted,IUCD Insertions done (public facilities),IUCD insertions done (pvt. facilities),Oral Pills distributed,Condom pieces distributed,Number of Infants given OPV 0 (Birth Dose),Number of Infants given BCG,Number of Infants given DPT1,Number of Infants given DPT2,Number of Infants given DPT3,Number of Infants given Measles,Number of fully immunized children (9-11 months),Adverse Events Following Imunisation (Others),Number of Major Operations,Number of Minor Operations,Total Number of Infant Deaths reported,Population Persons,Literate Persons,Main workers Persons,Marginal workers Persons,Non-workers Persons,Total Number of reported live births
1,43322,13770,26502,31688,38979,0.0,0.0,15004,3301.0,11703.0,15360,0.0,15779,30783,511.0,207.0,654,2458,0.0,889,396,149,87.0,3517.0,3604.0,218,0.0,37712,35836,12083.0,31601,33643,32436,31809,29463,28020,242.0,0.0,0.0,0.0,1679559,851055,429940,118049,1131292,30148
2,14021,3901,6427,12265,9649,0.0,0.0,5611,88.0,5523.0,5564,0.0,5564,11175,500.0,66.0,315,988,0.0,902,1967,1789,0.0,405.0,405.0,392,0.0,7694,25472,2038.0,13747,14849,13657,13135,11871,10352,25.0,1274.0,0.0,250.0,785129,435804,203256,62914,518442,10876
3,43447,11441,24309,32833,20627,0.0,0.0,14676,3531.0,11145.0,19394,0.0,22166,36842,1732.0,1151.0,1233,3580,0.0,956,355,2661,0.0,2821.0,2821.0,1476,0.0,36040,190430,888.0,42209,40118,36635,34710,33075,29964,3440.0,0.0,0.0,0.0,1643410,1055961,436418,124870,1081497,35659
4,27994,11176,11493,18735,13732,0.0,0.0,5021,1183.0,3838.0,8675,0.0,9026,14047,281.0,219.0,381,1507,0.0,947,5316,5188,277.0,3569.0,3846.0,187,0.0,16590,27277,3368.0,26363,24065,22731,20990,20391,19228,3.0,0.0,0.0,0.0,1073122,539512,281863,93829,697319,13700
5,16895,6384,8100,13265,5548,249.0,5.0,1998,832.0,1166.0,10950,1382.0,10950,12948,708.0,0.0,286,1364,1857.0,921,9465,9425,0.0,995.0,995.0,571,0.0,7514,4087,944.0,16493,16113,15144,13954,14786,14745,89.0,365.0,3.0,92.0,649668,383336,186315,108783,354378,12694
6,43893,8275,14816,41529,33435,0.0,0.0,13565,2466.0,11099.0,14143,0.0,14143,27708,638.0,0.0,610,2033,0.0,988,997,2227,0.0,1525.0,1525.0,680,0.0,33125,167672,0.0,47107,48922,44846,39576,36511,29328,0.0,0.0,0.0,0.0,1849909,820852,470609,128108,1244609,27098
7,32856,7374,10040,27269,61868,0.0,0.0,2846,1650.0,1196.0,17670,0.0,17670,20516,0.0,0.0,296,1054,0.0,794,151,2467,85.0,1600.0,1685.0,1446,0.0,16243,26250,0.0,32515,29694,28785,28717,27212,26825,0.0,0.0,0.0,0.0,1282273,823916,376239,156078,749437,16561
8,26759,9401,14562,21493,22123,0.0,0.0,6889,1033.0,5856.0,9738,0.0,9738,16627,252.0,0.0,313,752,0.0,834,3162,2906,0.0,179.0,179.0,1365,0.0,24057,99152,3512.0,22014,23054,21954,20391,19322,18018,0.0,0.0,0.0,57.0,948297,502566,248009,85125,614666,16305
9,18866,7078,12227,17424,17301,0.0,0.0,3042,411.0,2631.0,11818,0.0,13928,16970,699.0,571.0,428,441,0.0,923,437,1469,3.0,2206.0,2209.0,1233,0.0,34073,59812,0.0,22202,21555,19506,18839,18047,17525,15.0,0.0,0.0,28.0,1029174,667909,311480,139007,578005,16546
10,17231,3190,8139,13748,13456,0.0,0.0,7236,1202.0,6034.0,5003,0.0,5003,12239,70.0,0.0,446,988,0.0,921,201,950,0.0,681.0,681.0,1066,0.0,9397,23595,604.0,16353,16170,14888,14127,12694,11349,6.0,0.0,0.0,0.0,621964,357475,156589,46704,418657,11886
11,31202,18731,24960,27907,27224,0.0,0.0,1898,1548.0,350.0,14474,0.0,14474,16372,1057.0,37.0,296,1149,0.0,900,115,6694,4.0,1722.0,1726.0,2715,6.0,31159,185667,5922.0,26805,25757,25034,24787,24069,23250,83.0,0.0,0.0,50.0,1063470,751985,321593,150067,590994,14368
13,43998,28850,24231,21348,16281,0.0,0.0,210,210.0,0.0,24894,3728.0,24894,25104,5655.0,3325.0,987,2112,20406.0,853,6253,5359,47.0,4732.0,4779.0,1188,140.0,11670,71441,11994.0,28478,27909,24562,24008,20892,20787,0.0,0.0,0.0,483.0,1767415,1149409,490111,186264,1075693,24117
13,44607,12950,24117,22936,10560,0.0,0.0,3333,1643.0,1690.0,16608,0.0,16608,19941,2935.0,1600.0,1120,3318,0.0,1177,332,5447,54.0,4658.0,4712.0,1525,64.0,32378,139975,2882.0,29587,30377,29697,29082,25411,19731,0.0,0.0,0.0,0.0,1767415,1149409,490111,186264,1075693,20972
14,20284,5828,12524,18733,16865,0.0,0.0,4036,2345.0,1691.0,11851,0.0,11851,15887,439.0,0.0,318,2666,0.0,918,154,1520,0.0,123.0,123.0,1826,0.0,20842,141592,5321.0,23591,22909,20610,18860,17286,16735,0.0,0.0,0.0,27.0,910955,497771,251470,115163,544225,15581
15,28541,4892,13201,22755,8806,0.0,0.0,11306,1814.0,9492.0,7901,0.0,7901,19207,156.0,659.0,617,1865,0.0,892,221,1281,0.0,1116.0,1116.0,1161,29.0,15334,118969,6055.0,27839,26862,23577,22199,21790,19403,0.0,0.0,0.0,0.0,1157827,712045,274500,92760,789905,18665
16,23739,6683,10738,18820,12769,0.0,0.0,7142,1618.0,5524.0,9656,0.0,9656,16798,581.0,93.0,331,3029,0.0,957,153,1275,0.0,873.0,873.0,1775,23.0,15881,91683,1145.0,28766,28302,25671,24039,22221,20887,0.0,0.0,0.0,0.0,892688,454830,247462,91477,553365,16638
17,23481,11234,13565,18808,23127,0.0,0.0,2391,898.0,1493.0,15233,15227.0,15239,17630,958.0,0.0,134,2099,17332.0,869,6274,6274,0.0,2850.0,2850.0,1287,0.0,35297,59470,16203.0,25266,24294,24030,22646,20835,20835,0.0,623.0,258.0,13.0,993617,624694,284881,163110,535226,17490
18,19321,8152,10526,17697,11181,0.0,0.0,6655,1392.0,5263.0,10359,4099.0,10359,17014,291.0,0.0,443,1471,0.0,1057,301,399,17.0,1242.0,1259.0,542,0.0,19317,93037,625.0,23979,23850,23061,22333,21352,20623,0.0,0.0,0.0,0.0,0,0,0,0,0,16234
19,59620,15958,29724,55150,45785,0.0,0.0,13586,4113.0,9473.0,34435,0.0,34471,48057,703.0,0.0,992,4005,0.0,946,1886,4943,194.0,6911.0,7105.0,1745,0.0,4300,17138,397.0,67344,64302,60514,56861,49803,44877,0.0,0.0,0.0,0.0,2660263,1524724,679654,216187,1762652,42412
20,20745,5646,9060,13114,16864,0.0,0.0,1363,357.0,1006.0,8699,0.0,10871,12234,314.0,1021.0,260,1617,0.0,897,4852,3234,227.0,799.0,1026.0,287,45.0,23638,88230,5376.0,16077,15703,15295,14345,11761,11554,0.0,0.0,0.0,100.0,869492,566839,221432,76692,571203,12046
21,4221,1579,1334,3442,3057,0.0,0.0,1272,811.0,461.0,1866,795.0,1866,3138,167.0,0.0,48,410,0.0,977,14,459,2.0,63.0,65.0,350,0.0,6253,20646,1199.0,5324,5233,4174,4064,4224,3940,0.0,0.0,0.0,0.0,0,0,0,0,0,3102
22,23776,10764,13243,22014,13435,0.0,0.0,1400,159.0,1241.0,11697,0.0,14199,15599,636.0,0.0,220,1706,14128.0,923,1479,1441,95.0,2616.0,2711.0,1003,0.0,22477,110583,3007.0,26002,25833,24892,24130,22414,20615,0.0,0.0,0.0,15.0,0,0,0,0,0,15379
23,40445,22382,25412,38751,43348,0.0,0.0,9605,1187.0,8418.0,22640,0.0,22640,32245,1080.0,794.0,886,1941,0.0,894,1514,4011,0.0,996.0,996.0,952,0.0,55680,105609,4649.0,38696,40529,39640,38548,32563,31300,1.0,0.0,0.0,20.0,1847868,1016597,528610,198400,1120395,31821
24,25849,4429,12612,17429,18937,0.0,0.0,1118,88.0,1030.0,16723,0.0,18190,19308,883.0,392.0,205,2675,0.0,952,569,3636,1.0,2128.0,2129.0,1434,12.0,10667,19986,9891.0,26202,27889,25464,22731,22331,21833,0.0,0.0,0.0,3.0,1271858,728458,391067,137101,743523,19114
1,42249,13413,24980,32648,42083,1214.0,9.0,12360,1803.0,10557.0,17638,6636.0,17992,30352,673.0,244.0,721,2851,14582.0,917,1069,744,1022.0,3656.0,4678.0,929,0.0,64698,191819,14983.0,38391,35580,34391,32854,31976,30685,475.0,296.0,909.0,3.0,1684234,866121,433088,119472,1131460,29658
2,15964,4611,9457,13616,11579,536.0,17.0,4927,287.0,4640.0,7320,4117.0,7320,12247,488.0,0.0,354,1219,6610.0,882,2215,1998,164.0,455.0,619.0,315,0.0,18292,83079,2254.0,15428,15073,14790,14517,13840,13265,56.0,894.0,398.0,163.0,769373,435228,199319,63318,506347,11926
3,46083,12226,23572,34405,34229,1445.0,0.0,9428,1626.0,7802.0,24460,18800.0,27680,37108,2711.0,444.0,1750,3617,19556.0,893,564,1526,931.0,3773.0,4704.0,2479,23.0,48402,387759,11922.0,39931,37229,37577,35969,33660,32333,2012.0,50.0,149.0,150.0,1673909,1093966,447736,128727,1096961,27662
4,24336,11719,14468,19323,19327,1107.0,241.0,4976,270.0,4706.0,9918,8542.0,10295,15271,306.0,236.0,351,1730,7376.0,923,4765,4567,757.0,2264.0,3021.0,957,0.0,22405,84236,7341.0,23576,20757,20280,20205,19353,19043,1.0,339.0,178.0,30.0,1022571,521421,267694,90210,664586,14996
5,15812,8037,11537,13357,14870,1642.0,367.0,1264,399.0,865.0,12775,11615.0,12775,14039,855.0,0.0,387,987,12329.0,929,9657,9379,256.0,4250.0,4506.0,1039,0.0,14671,11965,651.0,15395,14791,14476,14742,15502,15432,67.0,1473.0,0.0,296.0,661602,396134,191202,110957,359294,13700
6,53103,13009,25095,46118,40320,543.0,255.0,13942,2335.0,11607.0,17027,10551.0,17027,30969,823.0,0.0,855,3655,14699.0,949,1339,2829,274.0,698.0,972.0,1240,0.0,45548,236354,2441.0,44478,45524,43352,41414,39748,34754,0.0,650.0,464.0,186.0,1882449,853376,481803,139333,1256112,30179
7,34166,15587,17401,24877,49437,5480.0,277.0,1807,1265.0,542.0,22924,4374.0,23331,25138,153.0,30.0,513,1318,7578.0,889,368,3298,960.0,6312.0,7272.0,3189,0.0,35852,121787,9318.0,29082,26094,25723,25285,25329,24200,0.0,81.0,177.0,18.0,1296795,843645,381290,160259,754845,21247
8,12764,3983,7169,10464,10067,370.0,4.0,2936,443.0,2493.0,6212,2517.0,6212,9148,177.0,0.0,217,620,6929.0,888,1759,1655,195.0,848.0,1043.0,839,0.0,17676,69968,2585.0,11255,10594,9989,9370,8945,8520,0.0,110.0,872.0,23.0,967853,522131,253986,88666,624812,9060
9,20322,9151,13746,16791,22318,2729.0,36.0,1871,116.0,1755.0,12364,4017.0,14495,16366,1027.0,318.0,445,825,9650.0,941,218,891,232.0,2997.0,3229.0,1488,0.0,68605,224244,4392.0,19049,18604,18584,18723,18406,18330,26.0,619.0,393.0,18.0,1041595,685398,317923,142171,580974,15958
10,17681,3898,10642,16067,17837,568.0,28.0,6832,1024.0,5808.0,7010,4104.0,7010,13842,93.0,0.0,477,957,7861.0,917,343,742,4.0,1217.0,1221.0,683,0.0,12740,52057,1835.0,16169,15340,14956,14148,13578,12697,23.0,61.0,16.0,74.0,634167,373387,159406,47472,427278,13289
11,25225,14989,18639,21443,23371,1160.0,118.0,1605,289.0,1316.0,13893,3272.0,13893,15498,1402.0,0.0,280,494,6392.0,824,5887,6339,409.0,4364.0,4773.0,2191,0.0,31006,247005,10100.0,22278,21260,21677,21393,20207,19642,2.0,3529.0,6082.0,46.0,1072980,766036,327176,153302,591874,14176
13,45925,20950,18273,21579,22668,540.0,171.0,184,184.0,0.0,18298,8968.0,25095,25279,6531.0,3967.0,980,2369,18692.0,848,6078,4217,394.0,3792.0,4186.0,1163,231.0,17995,78361,4645.0,29207,25299,25665,25976,23616,23435,0.0,519.0,446.0,233.0,1679858,1095563,465987,193154,1009313,24299
13,35937,11387,21270,26438,27895,2968.0,1.0,3401,2464.0,937.0,14550,9745.0,14550,17951,659.0,0.0,209,2317,10989.0,894,187,3358,502.0,4814.0,5316.0,2146,0.0,60677,223091,6174.0,45105,28888,28585,29328,25754,26270,0.0,0.0,0.0,0.0,1679858,1095563,465987,193154,1009313,17612
14,20505,5026,11532,16464,17968,386.0,44.0,3012,1292.0,1720.0,13353,4462.0,13353,16365,484.0,0.0,360,1635,6128.0,917,853,1114,0.0,1028.0,1028.0,1649,0.0,24945,184376,5216.0,18665,18055,18125,17371,16610,15985,37.0,337.0,243.0,70.0,925830,516845,254439,117705,553611,16015
15,32029,10700,18230,26125,28507,965.0,67.0,6081,1930.0,4151.0,11249,6117.0,11249,17330,588.0,210.0,691,1890,12666.0,910,371,999,185.0,2118.0,2303.0,996,14.0,29425,149617,8489.0,25096,25142,23913,22460,20570,19138,0.0,402.0,670.0,2.0,1180980,738779,280658,96911,802893,18390
16,23508,8131,12759,19090,19532,1228.0,29.0,4128,1603.0,2525.0,13382,7803.0,13382,17510,584.0,0.0,395,2970,11501.0,927,570,1996,104.0,314.0,418.0,1579,0.0,24622,71048,3414.0,19621,20315,20704,19589,20085,19744,7.0,797.0,70.0,0.0,890835,466043,249331,90310,550903,17184
17,24432,15404,15107,20067,24048,1183.0,655.0,1334,485.0,849.0,16204,14304.0,16204,17538,1463.0,0.0,161,1189,16699.0,584,4544,4544,1119.0,4232.0,5351.0,794,0.0,27577,37830,17229.0,25518,25724,25020,24481,24419,24419,0.0,1592.0,241.0,6.0,1009534,643706,284431,157360,559726,17377
18,21169,8170,12962,17708,16883,921.0,0.0,4485,1683.0,2802.0,13325,9774.0,13325,17810,551.0,0.0,496,1684,8384.0,779,454,906,817.0,1897.0,2714.0,951,0.0,29578,86143,2732.0,20703,21170,20604,20519,20204,20156,0.0,525.0,32.0,36.0,0,0,0,0,0,17314
19,70262,23294,35485,59637,34967,0.0,0.0,11306,1910.0,9396.0,36371,11493.0,36648,47954,744.0,0.0,1175,3766,35058.0,825,512,3663,2212.0,4416.0,6628.0,2492,0.0,2897,3383,0.0,58657,56556,56677,56530,54904,53686,0.0,0.0,0.0,174.0,2713685,1584358,697621,225395,1789287,46791
20,14587,4805,7584,11454,13179,406.0,29.0,1059,214.0,845.0,8981,8050.0,11149,12208,336.0,1079.0,242,1513,7322.0,954,4959,3337,481.0,1612.0,2093.0,659,109.0,23627,150633,7328.0,15212,14258,13839,13420,12928,12904,0.0,546.0,435.0,81.0,835568,554900,212887,74693,547867,12044
21,4445,1740,1661,3287,3319,23.0,0.0,1210,560.0,650.0,2095,1726.0,2095,3305,196.0,0.0,62,234,2605.0,1006,65,293,36.0,184.0,220.0,275,0.0,6540,20590,2350.0,4081,3957,3767,3428,3123,3036,0.0,71.0,767.0,0.0,0,0,0,0,0,3243
22,22720,7742,14709,19237,17332,985.0,61.0,1303,118.0,1185.0,11702,9277.0,14584,15887,854.0,0.0,162,894,14877.0,905,1508,1428,375.0,3637.0,4012.0,1016,0.0,25942,101053,4764.0,23010,21734,22196,22105,22860,22860,0.0,707.0,512.0,3.0,0,0,0,0,0,15725
23,39232,19873,26557,33441,52639,3934.0,309.0,7877,2322.0,5555.0,23467,12200.0,23808,31685,995.0,746.0,774,1948,16779.0,942,1699,3491,1519.0,1858.0,3377.0,1363,0.0,66512,134479,6671.0,38858,38611,38337,37275,35448,34224,0.0,326.0,412.0,95.0,1872940,1046374,538335,202923,1131324,31097
24,27190,12873,15505,21107,25615,2633.0,190.0,1654,50.0,1604.0,17318,8125.0,19637,21291,1007.0,597.0,367,2390,10114.0,938,2910,2719,278.0,5000.0,5278.0,1753,36.0,20543,26022,10739.0,26246,24486,24157,23762,25096,25018,0.0,1370.0,568.0,0.0,1290280,751039,397339,140326,752484,20931
1,42970,14960,27309,34173,39000,5234.0,62.0,13604,780.0,12824.0,17623,11233.0,17623,31227,781.0,0.0,729,3442,29368.0,916,1915,1027,422.0,2422.0,2844.0,2671,0.0,100903,462859,13123.0,38076,36811,35695,34584,32987,32445,275.0,612.0,1371.0,92.0,1688921,881453,436258,120913,1131629,30649
2,17497,6231,11649,14079,14671,1464.0,72.0,5152,209.0,4943.0,8087,5841.0,8087,13239,746.0,0.0,312,1056,12541.0,932,1309,991,118.0,1078.0,1196.0,1032,0.0,25534,114704,2220.0,15497,14897,14381,13620,13750,13491,9.0,401.0,1063.0,170.0,753933,434652,195457,63725,494534,12969
3,59219,20869,31605,36593,42771,5903.0,537.0,8907,1387.0,7520.0,25759,16443.0,29154,38061,2387.0,1953.0,1617,5234,28558.0,866,606,2556,412.0,5632.0,6044.0,2545,94.0,57758,488338,17888.0,43616,38650,38752,37541,35891,35186,0.0,636.0,1296.0,463.0,1704975,1133338,459346,132703,1112646,36454
4,23412,9776,15718,18209,19325,2996.0,319.0,4966,44.0,4922.0,10841,2475.0,11341,16307,467.0,269.0,437,1995,15484.0,936,3086,3854,497.0,1489.0,1986.0,1056,0.0,33044,146801,8686.0,22320,19325,18851,18488,17658,17786,423.0,696.0,206.0,2.0,974401,503937,254236,86731,633389,15957
5,16826,10307,14451,13796,14195,2542.0,160.0,1069,66.0,1003.0,12652,9637.0,12652,13721,962.0,0.0,360,1051,12658.0,907,10048,9547,30.0,4586.0,4616.0,2014,0.0,29475,40502,1644.0,16661,15197,14868,14908,14926,14926,107.0,1764.0,45.0,262.0,673756,409360,196217,113174,364279,13442
6,57158,17805,37993,48549,51885,4105.0,311.0,16654,2563.0,14091.0,18104,10733.0,18104,34758,996.0,0.0,1138,3036,30856.0,883,2908,2561,165.0,1168.0,1333.0,3926,17.0,61140,286686,5747.0,46720,47456,45871,44255,42616,39936,31.0,2477.0,860.0,67.0,1915562,887188,493264,151542,1267722,33781
7,30453,21738,21293,24751,25853,5386.0,103.0,1380,877.0,503.0,22309,7088.0,22309,23689,2754.0,131.0,708,1145,11694.0,916,614,3644,1246.0,3807.0,5053.0,2825,0.0,28087,146880,16148.0,27963,25895,25132,25094,24910,24623,0.0,127.0,50.0,76.0,1311482,863846,386409,164552,760291,23341
8,26574,8289,17098,22605,24142,4477.0,386.0,5715,274.0,5441.0,12859,9415.0,12859,18574,345.0,0.0,478,1581,16279.0,899,3785,3675,331.0,1673.0,2004.0,1969,0.0,45858,226950,5847.0,23208,22408,21361,20309,19889,19349,0.0,158.0,3170.0,26.0,987812,542458,260107,92355,635126,18426
9,20838,13494,15397,17964,19083,4633.0,95.0,1671,460.0,1211.0,14360,10098.0,15789,17460,726.0,759.0,402,1198,16385.0,923,227,692,290.0,2512.0,2802.0,2149,0.0,77819,343473,7931.0,19696,18453,18434,18072,16903,16828,0.0,1224.0,453.0,161.0,1054165,703346,324498,145408,583959,17086
10,18363,3904,12751,16681,17176,258.0,41.0,6172,505.0,5667.0,7774,4443.0,7774,13946,87.0,0.0,575,764,12413.0,931,429,560,159.0,2325.0,2484.0,1132,0.0,17912,164550,1987.0,16687,16681,16791,16343,15651,15284,0.0,66.0,43.0,370.0,646609,390006,162273,48253,436076,13730
11,25025,16632,19359,21767,19207,4939.0,169.0,964,0.0,964.0,12675,8175.0,14370,15334,2110.0,686.0,319,871,15503.0,832,5035,4802,545.0,5110.0,5655.0,2481,9.0,27164,221694,12129.0,19452,19193,20798,20862,18372,18329,0.0,1904.0,527.0,152.0,1082575,780348,332856,156607,592755,16496
13,46983,26429,23797,23626,27070,3337.0,65.0,186,135.0,51.0,18953,5394.0,27232,27418,7483.0,3866.0,1101,3462,23389.0,836,6309,4461,3234.0,4557.0,7791.0,3198,133.0,23173,75970,12917.0,28108,22946,26822,24112,22193,21717,1.0,1329.0,373.0,0.0,1596639,1044238,443051,200300,947028,26317
13,19417,8399,14441,17237,16676,6492.0,3.0,2896,136.0,2760.0,10059,5311.0,10059,12955,293.0,0.0,213,1338,12492.0,904,1444,1271,190.0,1863.0,2053.0,1809,0.0,39694,173437,3410.0,18072,18133,17427,17124,17825,17931,49.0,110.0,110.0,11.0,1596639,1044238,443051,200300,947028,13228
14,25401,6994,13723,18653,21659,1328.0,175.0,2627,353.0,2274.0,14618,11564.0,14618,17245,557.0,0.0,442,887,16160.0,945,1596,1011,90.0,139.0,229.0,1959,0.0,34422,248796,6266.0,21172,20372,21070,20358,19666,19304,52.0,740.0,196.0,27.0,940948,536650,257442,120303,563159,16897
15,34074,15942,19666,26766,29387,1234.0,113.0,11284,1838.0,9446.0,11673,6386.0,12090,23374,1106.0,81.0,837,1787,21396.0,932,505,950,51.0,1799.0,1850.0,856,1.0,19685,131290,8494.0,28080,26597,25912,24719,24697,23612,0.0,1034.0,1185.0,38.0,1204597,766517,286954,101248,816095,22512
16,22086,9909,14842,17864,21238,1434.0,21.0,3075,406.0,2669.0,13341,9892.0,13341,16416,792.0,0.0,526,1657,14284.0,896,1419,2158,116.0,555.0,671.0,1970,0.0,39967,172652,2033.0,18161,18480,18327,17684,17603,17379,2.0,3661.0,792.0,10.0,888986,477532,251213,89158,548451,16151
17,23662,12728,16339,17607,36550,2649.0,82.0,564,212.0,352.0,17332,11065.0,17332,17896,1449.0,0.0,542,1358,18036.0,941,4771,6858,882.0,4209.0,5091.0,2495,0.0,47178,80835,17234.0,32625,19325,19535,19603,19892,19819,3.0,2136.0,557.0,43.0,1025706,663298,283981,151813,585347,18497
18,24489,7613,15511,20811,21457,3414.0,77.0,3444,230.0,3214.0,15039,10808.0,15039,18483,792.0,0.0,534,1270,15537.0,909,555,488,709.0,1433.0,2142.0,1265,0.0,37983,98061,5007.0,22988,22516,22259,21942,20424,20395,5.0,1233.0,16.0,48.0,0,0,0,0,0,17955
19,71757,38447,45637,57958,59363,1883.0,30.0,11024,1588.0,9436.0,38229,8640.0,38504,49528,632.0,0.0,983,2263,35399.0,945,657,3190,1012.0,4300.0,5312.0,2539,0.0,12893,10893,2332.0,54652,55269,54818,53271,53377,51782,0.0,1840.0,3334.0,5.0,2768179,1646325,716063,234995,1816324,44703
20,15176,8339,10379,12227,11272,1600.0,28.0,1214,131.0,1083.0,11068,8442.0,11781,12995,1559.0,239.0,458,2117,11410.0,949,4536,4491,374.0,2161.0,2535.0,1059,20.0,34115,147264,8998.0,15835,14524,14248,13512,12744,12698,26.0,3636.0,582.0,54.0,802967,543212,204671,72746,525484,12919
21,4979,2297,2414,3677,4478,291.0,57.0,1422,525.0,897.0,2129,1514.0,2129,3551,179.0,0.0,79,212,2958.0,952,40,454,0.0,141.0,141.0,245,0.0,8872,38262,2072.0,4351,4251,4170,3997,3551,3503,13.0,250.0,823.0,1.0,0,0,0,0,0,3481
22,24609,14716,17324,19391,21995,2233.0,117.0,1384,66.0,1318.0,12343,7335.0,15490,16874,955.0,0.0,262,1477,15618.0,914,1754,1426,300.0,3345.0,3645.0,1733,0.0,52261,243246,6268.0,23025,21225,21264,21177,21128,20749,0.0,776.0,660.0,20.0,0,0,0,0,0,16615
23,43396,24481,28069,34713,38395,13306.0,1954.0,5930,1790.0,4140.0,22580,14433.0,23758,29688,878.0,978.0,878,3657,27715.0,918,3401,3352,1039.0,4156.0,5195.0,2022,0.0,101602,246902,8645.0,39319,38805,37839,37180,35409,35025,0.0,610.0,638.0,240.0,1898352,1077024,548239,207549,1142360,29782
24,32412,15112,18319,24875,29274,4827.0,753.0,1909,3.0,1906.0,17922,12765.0,20414,22323,1126.0,397.0,461,3265,17858.0,943,2650,2118,122.0,3821.0,3943.0,989,110.0,27726,47937,14171.0,27078,26034,25439,25175,25912,25746,0.0,2059.0,1193.0,3.0,1308969,774319,403712,143628,761554,21867
1,43721,18504,28070,35212,39678,17207.0,84.0,13479,643.0,12836.0,18784,11015.0,19897,33376,1702.0,891.0,737,3629,30114.0,911,2464,1474,187.0,2196.0,2383.0,2255,0.0,122987,614786,8805.0,34146,36258,35054,33813,33089,32256,264.0,1264.0,1315.0,124.0,1693621,897058,439452,122370,1131797,32782
2,17188,7651,11241,14612,15693,3920.0,25.0,4755,377.0,4378.0,9507,6971.0,11105,15860,1245.0,1217.0,324,1376,13530.0,926,2046,1836,33.0,798.0,831.0,2843,0.0,31094,146510,1055.0,14186,15255,14662,14270,14387,13787,146.0,818.0,1219.0,79.0,738803,434077,191671,64135,482998,15529
3,65230,30527,35198,36879,50061,12415.0,150.0,8021,1184.0,6837.0,27642,16753.0,32078,40099,4638.0,2481.0,1323,4505,32112.0,905,1137,1945,197.0,6010.0,6207.0,2834,42.0,69293,592494,12601.0,37024,36368,36140,35332,35510,34446,39.0,1485.0,1859.0,60.0,1736617,1174128,471258,136802,1128555,36389
4,25117,12474,16271,19119,20460,5032.0,593.0,4827,53.0,4774.0,11728,3041.0,12361,17188,541.0,376.0,457,1489,16478.0,950,5800,5094,176.0,1615.0,1791.0,1629,0.0,37473,181139,8384.0,19691,19265,18850,18295,18586,17655,585.0,764.0,251.0,46.0,928499,487038,241456,83387,603657,16660
5,16853,11992,14606,13575,14844,5118.0,311.0,995,84.0,911.0,13523,7765.0,13712,14707,1360.0,143.0,339,1150,12966.0,960,9496,9124,41.0,3377.0,3418.0,3811,0.0,35172,48505,2460.0,15677,13764,13382,13175,13504,13492,54.0,2012.0,87.0,259.0,686132,423028,201364,115436,369332,14442
6,55834,17775,39843,47558,52341,10525.0,109.0,17327,1180.0,16147.0,19615,10302.0,19649,36976,1145.0,31.0,1129,3034,34907.0,901,4221,2402,36.0,1103.0,1139.0,3770,78.0,74323,416475,5706.0,37190,46034,44730,43590,43264,41181,44.0,887.0,631.0,3.0,1949258,922340,504997,164820,1279438,36233
7,31545,18070,18049,18176,25891,14155.0,50.0,897,163.0,734.0,14506,6844.0,16726,17623,2359.0,112.0,665,1212,11843.0,903,1047,2422,727.0,5216.0,5943.0,2044,10.0,64523,321894,10831.0,19123,19529,18794,18506,19814,19454,0.0,3524.0,4.0,22.0,1326334,884531,391596,168959,765778,18248
8,29461,12426,19604,24037,28385,13020.0,527.0,3946,184.0,3762.0,17480,12970.0,18036,21982,1616.0,427.0,560,1647,18206.0,896,3939,3548,103.0,1213.0,1316.0,3794,0.0,66037,315795,6368.0,23659,23536,22639,22057,21449,21188,0.0,341.0,1914.0,45.0,1008182,563576,266375,96196,645610,21668
9,20390,15482,15617,17847,18226,4995.0,169.0,1621,35.0,1586.0,13772,8233.0,15580,17201,468.0,1067.0,409,1586,15095.0,903,434,736,231.0,3959.0,4190.0,2121,0.0,76775,380365,6698.0,17492,17827,17389,17239,16839,16682,0.0,1142.0,565.0,166.0,1066888,721764,331210,148718,586959,16812
10,18558,5448,13491,16497,19049,2780.0,67.0,5823,496.0,5327.0,8108,3203.0,8108,13931,58.0,0.0,393,739,13229.0,948,570,431,91.0,1557.0,1648.0,2800,0.0,27626,238433,1367.0,13338,15424,15198,14634,14708,14108,0.0,57.0,23.0,91.0,659295,407366,165193,49047,445056,13879
11,23489,16961,17559,20371,18471,7213.0,17.0,707,122.0,585.0,14614,6549.0,16662,17369,3785.0,919.0,353,1967,16898.0,910,5069,4388,158.0,6441.0,6599.0,2405,10.0,39199,245977,12155.0,19443,20452,20129,19893,19511,19226,12.0,4098.0,2065.0,29.0,1092256,794928,338634,159983,593638,17028
13,47055,26671,26190,32978,22379,4731.0,113.0,354,112.0,242.0,20339,8529.0,29164,29518,8633.0,6012.0,849,4122,26180.0,948,3829,3534,1597.0,5457.0,7054.0,5936,518.0,35222,127205,5651.0,28077,25370,24939,24790,24212,23492,0.0,2982.0,1727.0,538.0,1517542,995319,421244,207710,888588,28396
13,35064,20269,25061,29665,28684,12090.0,145.0,3216,103.0,3113.0,18757,7498.0,18757,21973,1182.0,0.0,332,2001,20403.0,912,2487,4151,238.0,2831.0,3069.0,3326,0.0,81780,445176,7015.0,30337,30066,29773,29241,28965,28710,28.0,704.0,938.0,29.0,1517542,995319,421244,207710,888588,22294
14,25195,11766,14951,19135,23148,2197.0,152.0,2576,312.0,2264.0,15273,12018.0,15321,17897,710.0,0.0,476,908,16815.0,932,999,484,0.0,449.0,449.0,3141,0.0,48641,359715,5324.0,19970,20129,20577,19989,19462,19360,31.0,1052.0,177.0,30.0,956312,557214,260481,122959,572872,17497
15,37513,20400,22333,27812,39068,1814.0,77.0,11535,859.0,10676.0,11062,5450.0,13596,25131,69.0,1420.0,1047,1565,22989.0,942,913,1029,2.0,1125.0,1127.0,1178,29.0,31377,139727,6065.0,25791,26190,25218,24238,23383,22371,0.0,1528.0,1507.0,35.0,1228686,795296,293392,105778,829515,24134
16,22892,8938,15629,18759,22920,3062.0,185.0,2677,417.0,2260.0,14985,10846.0,14985,17662,889.0,0.0,494,2227,15611.0,944,1965,1745,44.0,513.0,557.0,3280,0.0,48192,201817,4637.0,16532,18260,17980,17522,17413,16796,12.0,1473.0,666.0,30.0,887142,489304,253109,88021,546011,17498
17,24407,14817,18280,20007,22251,6093.0,0.0,446,112.0,334.0,18706,11455.0,19379,19825,1787.0,0.0,520,773,18216.0,913,6259,6279,297.0,4518.0,4815.0,3633,11.0,52835,127200,9456.0,22997,20595,20394,20172,20008,19941,0.0,3023.0,304.0,41.0,1042137,683485,283533,146461,612142,18713
18,26272,11028,19034,21988,21401,4159.0,165.0,3606,115.0,3491.0,14926,12206.0,14926,18532,778.0,0.0,512,1359,14726.0,911,616,523,498.0,1207.0,1705.0,2417,0.0,61290,161644,3855.0,20572,22207,21918,21527,21332,21299,24.0,1281.0,70.0,109.0,0,0,0,0,0,18049
19,67737,38059,48454,61575,62023,1432.0,186.0,10772,1339.0,9433.0,41515,19901.0,44491,55263,956.0,1499.0,1143,1426,36338.0,927,887,4629,1148.0,5059.0,6207.0,4819,0.0,73326,73358,3733.0,51299,58416,56981,55798,56108,55177,0.0,1894.0,920.0,214.0,2823768,1710716,734993,245004,1843770,48880
20,16364,9978,12081,13303,12442,3597.0,7.0,1573,51.0,1522.0,9104,3930.0,12064,13637,714.0,1731.0,197,2530,13126.0,931,4750,3368,72.0,1169.0,1241.0,1443,204.0,41381,199209,9053.0,16498,16115,15172,14517,14190,14134,46.0,838.0,951.0,32.0,771638,531770,196772,70850,504015,13542
21,4794,1929,2659,4105,3336,277.0,68.0,1655,512.0,1143.0,2147,1624.0,2148,3803,244.0,0.0,78,204,3235.0,910,85,371,0.0,77.0,77.0,396,0.0,9205,35233,1758.0,4396,4142,4127,4061,3719,3649,0.0,502.0,584.0,0.0,0,0,0,0,0,3736
22,24434,17232,18202,19812,23094,4482.0,521.0,706,63.0,643.0,12316,5251.0,15663,16369,916.0,0.0,318,1720,15627.0,944,2372,2047,186.0,3080.0,3266.0,1752,0.0,69694,249962,4454.0,21002,19411,19200,18581,19550,19241,0.0,574.0,756.0,12.0,0,0,0,0,0,16086
23,44115,28122,29504,34988,38840,12483.0,1466.0,5581,1574.0,4007.0,27015,14433.0,27430,33011,875.0,936.0,823,2410,25947.0,939,2892,3371,432.0,3662.0,4094.0,2105,5.0,121213,238763,8418.0,36930,37511,36703,62401,35240,34686,0.0,606.0,907.0,300.0,1924110,1108571,558325,212280,1153504,33583
24,30230,13841,17459,23942,27469,7556.0,556.0,1709,21.0,1688.0,18618,9064.0,21562,23271,1707.0,340.0,430,2672,18203.0,908,2730,2385,257.0,7836.0,8093.0,1501,157.0,38715,93236,8449.0,21260,24346,23769,23335,23578,23356,0.0,1715.0,1632.0,43.0,1327929,798321,410188,147007,770732,22896
1,43044,26862,29890,35535,29237,33498.0,80.0,12684,569.0,12115.0,20305,10886.0,21193,33877,2555.0,735.0,823,12462,29763.0,943,2450,1612,79.0,1998.0,2077.0,1739,0.0,116774,464150,9304.0,33045,36744,35906,34714,33926,33276,160.0,3164.0,1778.0,312.0,1698335,912938,442670,123846,1131966,33239
2,16842,9080,12077,14640,13950,14513.0,185.0,3640,432.0,3208.0,10996,6767.0,13192,16832,1391.0,1700.0,384,3909,13691.0,912,2358,2202,26.0,770.0,796.0,1243,0.0,42896,131757,1947.0,15097,15544,14779,14373,14347,14080,110.0,1237.0,1049.0,252.0,723977,433503,187957,64547,471730,16462
3,65959,38664,39030,36920,38974,43913.0,909.0,6557,1012.0,5545.0,29717,11531.0,34440,40997,5285.0,2457.0,1327,10114,34329.0,918,1054,1930,75.0,4748.0,4823.0,1967,61.0,54305,452032,17222.0,42662,38728,38265,36983,36501,35973,0.0,1534.0,1647.0,204.0,1768846,1216385,483479,141028,1144691,37456
4,24314,15031,17431,20682,20007,15539.0,1133.0,4181,31.0,4150.0,13763,4762.0,14457,18638,584.0,446.0,370,4706,17899.0,963,6795,6750,38.0,1018.0,1056.0,1118,0.0,43579,182183,11343.0,24132,21087,20250,19847,19327,18546,1134.0,800.0,341.0,85.0,884761,470707,229317,80171,575320,18386
5,16775,12520,15021,14812,14441,13558.0,607.0,669,72.0,597.0,15197,7618.0,15394,16063,1600.0,143.0,368,1594,14766.0,919,4361,4068,11.0,4123.0,4134.0,2832,0.0,31809,46127,3787.0,15540,14506,14749,14262,13991,13866,424.0,1635.0,41.0,215.0,698737,437151,206645,117742,374456,15811
6,56964,26703,45613,51283,47263,41634.0,77.0,18550,1081.0,17469.0,22828,14206.0,22915,41465,1193.0,69.0,1090,9179,40033.0,915,3229,1824,10.0,840.0,850.0,2585,18.0,90259,375579,11099.0,49427,47507,45377,43598,42047,40555,5.0,252.0,635.0,486.0,1983545,958886,517010,179263,1291264,40672
7,34071,20108,21574,20752,27752,28403.0,241.0,387,44.0,343.0,20400,14531.0,22888,23275,3825.0,383.0,651,5125,19472.0,924,881,3026,584.0,2883.0,3467.0,2542,64.0,65542,223427,15656.0,23816,21677,21591,21134,20845,20555,6.0,1661.0,211.0,193.0,1341356,905710,396854,173486,771303,22878
8,28193,15893,21562,24091,20493,21444.0,213.0,3378,437.0,2941.0,18538,11008.0,18962,22340,1785.0,347.0,519,2163,19497.0,881,2354,2020,21.0,449.0,470.0,2870,0.0,64636,269181,5762.0,22297,22308,21346,20734,20720,20065,0.0,604.0,995.0,132.0,1028973,585517,272795,100198,656266,22085
9,20908,15635,16987,18894,19884,17422.0,830.0,1282,69.0,1213.0,14281,5451.0,16074,17356,880.0,1161.0,466,6318,14024.0,919,654,632,286.0,2957.0,3243.0,1696,0.0,84303,311623,5567.0,20384,18448,18053,17833,17471,16994,68.0,1304.0,339.0,143.0,1079763,740663,338060,152103,589975,16988
10,19135,7554,15266,17175,15636,14143.0,70.0,5710,527.0,5183.0,8836,2974.0,8865,14575,13.0,0.0,470,1998,14088.0,945,778,438,27.0,903.0,930.0,2485,0.0,26744,261167,3093.0,17425,16723,16866,16426,15683,15036,10.0,13.0,26.0,294.0,672231,425497,168164,49853,454220,14179
11,21967,17192,17199,19176,16255,12014.0,164.0,519,126.0,393.0,17916,7276.0,20662,21181,4033.0,626.0,299,2404,17898.0,924,2987,2699,196.0,5312.0,5508.0,2279,0.0,40826,306530,14489.0,19084,19593,19253,18686,18317,18110,27.0,1954.0,1129.0,42.0,1102023,809781,344513,163431,594521,18157
13,48107,29755,30494,34753,18442,10317.0,65.0,826,93.0,733.0,21167,2455.0,29655,30481,9532.0,4597.0,993,4151,29655.0,970,3587,2806,428.0,4137.0,4565.0,7891,285.0,28683,129492,13999.0,28729,26055,25407,24991,25378,24145,22.0,2684.0,2049.0,479.0,1442363,948690,400510,215393,833753,29505
13,34379,25230,27607,30824,28400,25116.0,169.0,2124,55.0,2069.0,20013,7664.0,20013,22137,1443.0,0.0,291,3663,21451.0,930,2522,5107,111.0,2142.0,2253.0,3330,0.0,86632,461679,11222.0,31622,31099,30976,30511,30279,30199,29.0,974.0,1222.0,232.0,1442363,948690,400510,215393,833753,22344
14,23483,13650,14808,21414,17457,6519.0,346.0,2385,184.0,2201.0,15788,12067.0,15832,18217,643.0,0.0,404,2121,17092.0,899,1193,557,8.0,189.0,197.0,2650,0.0,45642,296137,6259.0,20271,20308,20622,20408,18993,18902,22.0,1500.0,168.0,84.0,971928,578565,263556,125673,582752,17857
15,36838,24604,23507,29492,30233,15963.0,248.0,10871,643.0,10228.0,11242,5096.0,14070,24941,94.0,1565.0,798,9609,23262.0,921,1034,1360,6.0,1708.0,1714.0,2372,26.0,35128,240085,8882.0,29671,27189,26435,24746,24164,23369,13.0,1922.0,1809.0,284.0,1253256,825157,299973,110512,843154,24899
16,21201,10233,14861,17989,30349,9941.0,370.0,2120,452.0,1668.0,12887,9178.0,12887,15007,484.0,0.0,270,4486,13678.0,950,443,835,42.0,419.0,461.0,1999,0.0,44419,148668,4396.0,17481,17545,17043,16204,16036,15833,0.0,811.0,1927.0,60.0,885300,501367,255020,86898,543581,15114
17,24795,20878,19320,21554,18913,24555.0,92.0,385,79.0,306.0,19141,10252.0,20583,20968,2057.0,679.0,348,5272,19986.0,911,5010,5640,215.0,4462.0,4677.0,1832,1.0,52782,125243,12823.0,22414,20353,20305,19826,19771,19501,0.0,3736.0,486.0,291.0,1058830,704288,283085,141298,640162,20027
18,26186,14945,21657,23693,18578,19925.0,106.0,2942,318.0,2624.0,16698,12237.0,16818,19760,766.0,98.0,676,3098,18188.0,947,835,325,140.0,1191.0,1331.0,2657,0.0,58914,160672,2970.0,22493,22531,22227,21758,21628,21312,1.0,1203.0,4.0,242.0,0,0,0,0,0,19158
19,76068,39627,53513,59614,58138,47615.0,2555.0,5168,1021.0,4147.0,45335,25283.0,50031,55199,1486.0,2933.0,1332,8205,48733.0,825,7014,6024,210.0,3048.0,3258.0,3803,0.0,94952,121294,16562.0,63860,60457,59780,58017,59215,58868,51.0,3262.0,2188.0,0.0,2880472,1777624,754423,255440,1871630,48733
20,15878,10560,12032,13248,11999,6453.0,20.0,1712,31.0,1681.0,8948,3860.0,12114,13826,738.0,1900.0,138,2986,13288.0,906,4605,2911,77.0,857.0,934.0,1056,208.0,45781,200186,9693.0,16181,16275,15515,14594,13755,13637,232.0,793.0,1916.0,146.0,741532,520570,189179,69003,483424,13805
21,5305,2306,2990,4508,3345,1563.0,113.0,1708,276.0,1432.0,2421,1515.0,2441,4149,301.0,0.0,98,484,3813.0,872,265,234,0.0,84.0,84.0,450,0.0,9302,30624,2647.0,4984,4713,4484,4218,3640,3607,121.0,533.0,485.0,58.0,0,0,0,0,0,4102
22,24095,18620,17608,19846,19980,18727.0,1282.0,512,25.0,487.0,12246,3867.0,15975,16487,741.0,350.0,373,5229,15519.0,945,2083,1712,770.0,3208.0,3978.0,1791,26.0,66660,223685,9253.0,23201,20588,19923,19431,19535,19209,0.0,714.0,743.0,128.0,0,0,0,0,0,16183
23,41328,27987,30236,38682,44546,36642.0,3031.0,5271,739.0,4532.0,28239,15298.0,28239,33510,1982.0,2203.0,870,9450,30134.0,929,3101,2114,178.0,3737.0,3915.0,1623,112.0,117073,254388,11382.0,39237,37705,37127,36102,35244,33879,0.0,558.0,1271.0,443.0,1950216,1141043,568596,217120,1164756,33137
24,30005,16636,17955,24406,22557,17685.0,207.0,2152,145.0,2007.0,15598,10005.0,22836,24988,2017.0,1037.0,435,3238,23252.0,915,2979,2685,222.0,4524.0,4746.0,1440,110.0,41255,63844,9669.0,26202,25365,25231,24609,23899,23327,0.0,2892.0,2713.0,132.0,1347163,823068,416767,150466,780022,24070
1,42646,31719,35366,37124,30599,31876.0,96.0,12402,2421.0,9981.0,22510,8085.0,23541,35943,2909.0,851.0,852,8114,33553.0,952,3023,1979,24.0,1772.0,1796.0,3660,0.0,121800,332017,11752.0,34209,37590,37218,36491,34606,34288,40.0,1640.0,2577.0,303.0,1703062,929099,445911,125339,1132135,35360
2,17592,11772,12878,14851,14503,14423.0,22.0,3561,173.0,3388.0,9950,6565.0,13042,16603,875.0,2249.0,384,2481,15983.0,935,2272,2177,12.0,427.0,439.0,2922,0.0,37801,139684,2632.0,16541,16198,15745,14907,14629,14550,36.0,798.0,534.0,336.0,709449,432930,184316,64961,460725,16279
3,42191,32561,32583,38586,33695,36612.0,111.0,6088,1225.0,4863.0,31906,11346.0,36794,42882,5428.0,2746.0,1250,9534,37950.0,922,784,2013,37.0,3555.0,3592.0,2737,22.0,59267,308489,19440.0,38602,38915,38712,38072,37208,36820,0.0,1937.0,2249.0,384.0,1801673,1260163,496017,145384,1161058,39293
4,26363,17750,19239,20571,16135,13771.0,709.0,3892,40.0,3852.0,14582,5258.0,15273,19165,412.0,467.0,391,4001,18233.0,856,8789,7159,60.0,1567.0,1627.0,3088,0.0,42723,168562,11196.0,20700,20283,20126,19689,19418,19084,1659.0,361.0,568.0,146.0,843082,454923,217789,77079,548313,18953
5,16053,12728,15340,14269,13909,10976.0,64.0,350,41.0,309.0,15221,8794.0,15456,15806,1899.0,192.0,337,2013,15097.0,896,5075,4500,7.0,2311.0,2318.0,3349,0.0,32002,43077,4681.0,15529,14078,14092,13961,14096,14097,706.0,572.0,38.0,228.0,711572,451746,212065,120095,379651,15564
6,60720,35799,50200,54278,45975,33497.0,120.0,21476,4289.0,17187.0,24096,15146.0,24160,45636,1520.0,4.0,1073,10197,43938.0,919,4844,3041,7.0,719.0,726.0,4759,23.0,106504,331321,17091.0,47110,49067,48179,46546,45059,44192,0.0,447.0,4345.0,570.0,2018437,996879,529308,194970,1303198,44940
7,30065,22584,24345,23022,24602,27509.0,96.0,262,59.0,203.0,21379,5071.0,27636,27898,5663.0,2154.0,535,5870,19767.0,943,2434,3715,558.0,4795.0,5353.0,2356,84.0,46949,175130,17443.0,23339,23174,22217,21983,22663,22530,14.0,1236.0,368.0,85.0,1356547,927398,402181,178133,776869,23711
8,30501,18249,25273,25803,19580,20139.0,96.0,3324,437.0,2887.0,19748,9523.0,20001,23325,2450.0,208.0,503,3248,22353.0,934,2806,1283,4.0,469.0,473.0,4125,0.0,72829,293283,7800.0,24236,24361,23327,22441,21253,20937,0.0,287.0,708.0,172.0,1050193,608311,279370,104366,667099,23025
9,20764,16493,17135,18308,16645,20638.0,79.0,882,47.0,835.0,14045,8219.0,14825,15707,1167.0,0.0,381,2252,12902.0,943,694,320,1160.0,2043.0,3203.0,2766,12.0,64697,181197,9327.0,17468,18193,18103,17792,17223,16825,4.0,464.0,250.0,183.0,1092795,760058,345052,155565,593006,15370
10,19338,11723,15370,17141,16179,8410.0,91.0,5086,426.0,4660.0,9246,2767.0,9259,14345,45.0,0.0,522,1781,13648.0,975,606,395,26.0,701.0,727.0,3524,0.0,29223,208873,5931.0,16030,16199,16117,15995,15302,15194,1.0,2.0,71.0,294.0,685420,444436,171189,50673,463573,13942
11,21815,18507,16439,18098,15432,15639.0,343.0,350,68.0,282.0,16735,5203.0,18609,18959,5017.0,1086.0,285,4250,16571.0,930,2385,2012,250.0,4298.0,4548.0,2093,5.0,34965,241841,14836.0,18096,19556,19279,19256,19437,19269,39.0,3173.0,2339.0,35.0,1111877,824911,350494,166954,595406,16942
13,50941,36596,36923,37321,17113,12654.0,78.0,743,21.0,722.0,23070,537.0,30490,31233,11035.0,4855.0,957,2467,29459.0,934,3191,1596,216.0,3268.0,3484.0,9464,198.0,23376,98293,19406.0,28948,25142,24710,24597,22372,21725,0.0,2982.0,2038.0,6.0,1370909,904247,380796,223362,782303,30505
13,36727,30277,31798,30827,32065,28876.0,95.0,1582,45.0,1537.0,20975,11509.0,20975,22557,1814.0,0.0,269,3983,21762.0,974,4134,4827,109.0,2451.0,2560.0,4396,0.0,96147,332070,13209.0,29834,31334,31191,31078,30248,30016,27.0,189.0,2047.0,131.0,1370909,904247,380796,223362,782303,22503
14,23908,15010,15542,21193,16064,8796.0,282.0,2638,301.0,2337.0,15847,11514.0,15886,18524,704.0,0.0,422,1953,17423.0,881,1891,1074,5.0,442.0,447.0,3407,0.0,45671,284660,7329.0,20110,20617,20286,19511,18787,18589,12.0,502.0,30.0,78.0,987799,600735,266668,128447,592802,18297
15,37017,27540,27050,31390,28936,18078.0,21.0,10684,775.0,9909.0,13312,5298.0,16229,26913,280.0,1453.0,811,5465,24606.0,917,2325,858,3.0,1225.0,1228.0,2720,25.0,43173,218123,10125.0,24966,28424,28085,27070,25088,24412,18.0,1373.0,2019.0,243.0,1278318,856138,306703,115457,857019,26354
16,22584,12594,17276,18937,16099,11529.0,578.0,2161,523.0,1638.0,14370,10939.0,14370,16531,669.0,0.0,265,3673,14881.0,933,1174,891,8.0,192.0,200.0,2324,0.0,54077,142872,5291.0,16590,17551,17110,16824,15729,15573,0.0,937.0,862.0,58.0,883463,513727,256946,85789,541162,16482
17,23548,19955,19539,21379,17237,14643.0,7.0,364,78.0,286.0,18818,7914.0,20470,20834,2340.0,835.0,424,5039,19664.0,1017,5038,4882,187.0,3028.0,3215.0,1995,1.0,51215,104505,12932.0,19840,21104,21019,20805,20245,19977,0.0,3768.0,395.0,281.0,1075792,725723,282637,136317,669465,19904
18,25947,17408,21596,23485,18526,18246.0,26.0,2507,366.0,2141.0,17231,5880.0,17297,19804,1067.0,46.0,454,4756,18956.0,926,1074,537,245.0,2009.0,2254.0,2825,0.0,58333,100931,4294.0,21644,22575,22336,22204,22118,21989,0.0,1432.0,0.0,217.0,0,0,0,0,0,19389
19,80291,60119,67835,69417,64439,45543.0,132.0,5006,454.0,4552.0,48697,16628.0,50361,55367,1147.0,702.0,1527,8724,50417.0,897,3699,4219,137.0,2246.0,2383.0,4377,0.0,87611,122055,32964.0,62470,61523,61678,60533,60479,59727,55.0,1075.0,274.0,30.0,2938316,1847150,774366,266320,1899911,53792
20,15573,11825,12154,13169,11286,5885.0,99.0,1892,259.0,1633.0,8771,2585.0,12454,14346,861.0,2444.0,178,3041,13287.0,965,4425,2683,57.0,872.0,929.0,1310,218.0,37385,182253,10769.0,14977,15461,15154,14539,14144,14142,52.0,897.0,428.0,104.0,712600,509605,181878,67204,463674,14265
21,5431,2401,3388,4496,3061,2916.0,69.0,1694,243.0,1451.0,2425,1244.0,2492,4186,421.0,0.0,94,278,4128.0,982,280,236,0.0,63.0,63.0,425,0.0,9187,31070,3013.0,4692,4528,4371,4354,3856,3834,0.0,88.0,323.0,97.0,0,0,0,0,0,4172
22,22407,17932,18250,18417,14817,16237.0,901.0,489,95.0,394.0,11820,1499.0,15841,16330,951.0,1482.0,366,3581,15487.0,928,3030,2419,470.0,2739.0,3209.0,3479,55.0,49389,139471,8381.0,17981,18643,18910,18586,18511,18164,0.0,1455.0,345.0,107.0,0,0,0,0,0,16128
23,41023,30529,32088,37533,35202,29636.0,653.0,5052,651.0,4401.0,23989,12661.0,30113,35165,2013.0,3345.0,942,7573,32041.0,950,2315,1623,192.0,3904.0,4096.0,2790,16.0,114621,192997,16166.0,39993,37305,37384,36489,36331,34634,1.0,1664.0,3244.0,223.0,1976677,1174466,579056,222070,1176118,35649
24,27841,19163,19869,23591,22985,13084.0,110.0,1889,146.0,1743.0,16020,4978.0,23152,25041,2959.0,1369.0,485,5328,23168.0,876,4126,2574,341.0,3863.0,4204.0,3624,607.0,43603,57558,8756.0,21448,24345,24133,23387,23518,22965,0.0,3486.0,2683.0,141.0,1366676,848581,423451,154007,789423,24344
1,41310,32407,36669,36683,34634,22133.0,108.0,11365,3142.0,8223.0,24785,7432.0,25658,37023,3442.0,793.0,1077,8031,35629.0,909,2585,1807,66.0,1144.0,1210.0,3824,1.0,141552,255409,10275.0,36926,34065,36383,36522,34555,34218,45.0,2041.0,1911.0,239.0,1707801,945547,449176,126850,1132303,36194
2,16065,11963,13193,14666,14984,13095.0,0.0,3613,95.0,3518.0,8022,5807.0,11935,15548,181.0,2759.0,351,1764,15214.0,937,2112,1975,5.0,272.0,277.0,1873,0.0,42095,122189,3103.0,15683,14081,14277,14162,13730,13601,18.0,135.0,399.0,312.0,695211,432357,180745,65379,449977,15271
3,41278,33389,33437,37498,45359,39985.0,20.0,5170,2096.0,3074.0,30721,10782.0,36008,41178,4006.0,3098.0,1380,8738,36538.0,936,2410,1234,142.0,2957.0,3099.0,2023,13.0,68702,232218,14292.0,41466,34150,36319,36130,35419,34845,0.0,1218.0,955.0,403.0,1835109,1305517,508880,149875,1177659,40280
4,22393,14763,20700,19816,17309,12615.0,1229.0,3151,311.0,2840.0,15116,4187.0,15846,18997,440.0,493.0,405,3063,17807.0,905,6395,5022,49.0,1763.0,1812.0,4818,0.0,45747,134606,9294.0,20197,16933,18455,18613,19150,19005,1142.0,365.0,426.0,98.0,803367,439669,206841,74106,522575,18718
5,15725,12790,14079,14037,13556,8214.0,41.0,125,15.0,110.0,15905,8377.0,16280,16405,2292.0,298.0,340,2060,15254.0,879,4546,4342,0.0,2007.0,2007.0,5071,0.0,34565,34870,5217.0,15193,12001,13543,13572,13668,13625,112.0,0.0,30.0,254.0,724644,466829,217628,122494,384918,16161
6,60314,40275,51491,53285,56600,29115.0,86.0,22834,5207.0,17627.0,25953,11853.0,26094,48928,1144.0,0.0,1123,8793,47172.0,921,6527,3397,7.0,818.0,825.0,7358,84.0,124358,282639,18034.0,52142,43617,46214,44586,43401,42712,0.0,419.0,6259.0,423.0,2053941,1036377,541899,212054,1315242,47946
7,27026,21793,22999,22093,23957,24442.0,42.0,168,39.0,129.0,18939,5394.0,24268,24436,3876.0,1907.0,608,5455,23147.0,926,3216,2949,252.0,4291.0,4543.0,3677,160.0,52972,240641,12891.0,25356,20248,21381,21254,21654,21599,6.0,737.0,284.0,113.0,1371910,949604,407580,182905,782474,23468
8,29232,20418,25060,25302,25908,17966.0,132.0,3009,1076.0,1933.0,18944,7535.0,20924,23933,1220.0,1563.0,401,3405,23227.0,877,2346,1211,1.0,675.0,676.0,3291,0.0,74539,255088,6461.0,23719,21038,22965,22681,21609,21453,2.0,338.0,238.0,221.0,1071850,631993,286103,108708,678111,23701
9,20892,17318,18298,18846,19672,15948.0,174.0,664,188.0,476.0,13951,6005.0,16810,17474,1045.0,1188.0,444,2320,15688.0,928,1281,636,579.0,1220.0,1799.0,3817,20.0,63756,138770,9579.0,19275,16296,17246,16572,16711,16444,0.0,427.0,323.0,212.0,1105983,779961,352188,159106,596053,17187
10,19608,13713,16268,17419,17294,8780.0,82.0,4908,834.0,4074.0,10031,3593.0,10031,14939,32.0,0.0,516,1788,14228.0,955,1087,457,20.0,648.0,668.0,4863,0.0,32547,136823,6034.0,17088,15094,16102,16076,15808,15548,0.0,0.0,76.0,273.0,698868,464218,174269,51506,473118,14564
11,21859,19575,16959,18594,15998,12535.0,176.0,195,167.0,28.0,14911,2166.0,17043,17238,4321.0,507.0,304,6485,16550.0,929,2259,1860,171.0,3112.0,3283.0,2779,9.0,46982,288212,13936.0,17746,16574,18275,18523,18637,18711,41.0,3075.0,1351.0,16.0,1121820,840324,356579,170553,596293,16834
13,41224,32490,34156,35474,35419,20164.0,115.0,604,45.0,559.0,24078,178.0,31016,31620,11689.0,4421.0,957,3583,30725.0,942,2517,1220,342.0,3887.0,4229.0,12033,138.0,25585,83705,20679.0,30247,22411,23485,23887,23591,22414,502.0,2493.0,2885.0,14.0,1302994,861885,362053,231625,734027,30799
13,35770,31539,31403,30901,33820,27253.0,41.0,1388,708.0,680.0,21965,7276.0,21965,23353,1594.0,0.0,259,2795,22936.0,917,5394,4393,380.0,2440.0,2820.0,6129,0.0,96781,315409,10814.0,28977,26897,30286,30744,30286,30076,11.0,87.0,1527.0,80.0,1302994,861885,362053,231625,734027,23205
14,23555,15455,16196,20994,17692,8967.0,277.0,2485,366.0,2119.0,16306,11640.0,16310,18795,704.0,0.0,432,1884,17742.0,867,2979,2039,0.0,34.0,34.0,3667,0.0,56401,291975,7316.0,19127,17437,19048,18957,18143,18106,61.0,567.0,74.0,68.0,1003929,623754,269816,131282,603026,18481
15,35837,28395,28433,31613,33363,18652.0,22.0,11057,1207.0,9850.0,14057,5732.0,17355,28412,250.0,1506.0,813,2822,26643.0,905,2090,679,10.0,1218.0,1228.0,2042,30.0,53008,129040,7638.0,27695,24728,29383,26350,25065,23633,0.0,1480.0,1344.0,235.0,1303881,888282,313583,120624,871111,27866
16,21189,13183,16774,18172,18632,11081.0,381.0,1833,780.0,1053.0,15476,11298.0,15866,17699,1023.0,327.0,282,4196,14472.0,841,1470,992,1.0,199.0,200.0,2205,0.0,62089,135904,3915.0,16651,16285,17045,16683,15217,15068,2.0,1184.0,412.0,33.0,881630,526392,258886,84695,538753,17733
17,22760,18998,19246,20691,17814,14719.0,30.0,290,35.0,255.0,18171,7609.0,19819,20109,2209.0,833.0,447,5225,18896.0,952,9076,4501,45.0,1600.0,1645.0,1395,0.0,61792,113862,12730.0,21943,17979,19747,19853,19689,19425,0.0,2568.0,277.0,330.0,1093025,747811,282191,131512,700110,19260
18,26065,19481,22107,25077,23255,14565.0,10.0,2693,640.0,2053.0,17040,4336.0,17078,19771,928.0,0.0,239,3693,18925.0,980,957,410,115.0,1000.0,1115.0,2801,0.0,48258,71817,7696.0,22071,19678,21281,21365,21529,21429,0.0,1286.0,0.0,362.0,0,0,0,0,0,19587
19,73851,59195,65324,66700,73826,39658.0,159.0,5654,858.0,4796.0,50159,21187.0,59653,65307,914.0,7189.0,1685,8622,61896.0,905,6573,5223,262.0,1702.0,1964.0,4746,33.0,102332,126700,32607.0,60629,53644,58093,57994,57163,56284,5.0,1218.0,216.0,117.0,2997321,1919395,794837,277663,1928620,63861
20,15253,13231,13212,13587,14296,4842.0,6.0,1524,969.0,555.0,8496,937.0,12779,14303,731.0,3179.0,206,1977,13828.0,935,7167,2517,226.0,1122.0,1348.0,1663,179.0,44085,179845,9688.0,15156,14369,14914,14793,14022,13932,72.0,591.0,310.0,94.0,684797,498871,174859,65452,444731,14189
21,5247,2709,3585,4356,3288,2833.0,20.0,1747,256.0,1491.0,2476,500.0,2500,4247,445.0,0.0,105,279,4087.0,968,495,224,0.0,58.0,58.0,664,0.0,10185,31517,2909.0,4511,3785,4076,4032,3631,3622,380.0,360.0,335.0,93.0,0,0,0,0,0,4224
22,22201,18442,18817,18707,19048,14808.0,500.0,379,168.0,211.0,11674,1523.0,15919,16298,911.0,1636.0,287,3512,14855.0,934,3346,2385,789.0,1206.0,1995.0,4200,67.0,62075,170141,7967.0,17648,15882,17569,17710,17067,16734,0.0,1251.0,3238.0,60.0,0,0,0,0,0,16167
23,39582,31606,32780,36789,40245,30807.0,658.0,5176,779.0,4397.0,23410,8849.0,28911,34087,2824.0,2988.0,693,6697,28893.0,954,2839,2401,317.0,3026.0,3343.0,2180,7.0,126889,180273,15311.0,39202,32223,34657,34580,34083,33736,48.0,2234.0,473.0,188.0,2003497,1208867,589709,227132,1187591,32754
24,27087,20176,22149,23495,24732,13722.0,68.0,1630,221.0,1409.0,15748,2125.0,22792,24422,2875.0,1381.0,354,5056,23327.0,907,2666,2114,427.0,3687.0,4114.0,4741,418.0,48567,48958,9077.0,21702,21438,23123,23282,21563,21024,0.0,3768.0,1388.0,139.0,1386471,874885,430243,157630,798938,24188
1,42033,34931,38697,37046,37198,20957.0,345.0,9854,3461.0,6393.0,25695,5010.0,26783,36637,4761.0,970.0,968,6536,34536.0,917,2081,1290,54.0,1207.0,1261.0,4043,2.0,144978,218128,12400.0,36016,576,2433,5345,36395,35908,47.0,6825.0,740.0,614.0,1712554,962285,452464,128379,1132472,35965
2,16769,13442,14077,15067,13776,12564.0,8.0,3376,205.0,3171.0,8447,4423.0,12196,15572,625.0,2555.0,299,2109,15192.0,940,3138,3041,29.0,364.0,393.0,2309,0.0,48313,89391,3384.0,16333,669,2096,3620,14316,14228,4.0,678.0,219.0,319.0,681260,431786,177244,65799,439479,15402
3,43695,35863,38837,40067,40820,38405.0,88.0,3899,1959.0,1940.0,30870,10819.0,37042,40941,3917.0,3216.0,1154,8638,34757.0,936,2316,1231,137.0,3213.0,3350.0,2553,8.0,74411,200646,16954.0,40824,2415,4591,7886,37481,37701,0.0,1884.0,251.0,340.0,1869166,1352504,522077,154505,1194498,40703
4,22947,16699,20345,21196,20639,10855.0,1603.0,3021,841.0,2180.0,13626,2977.0,14642,17663,625.0,782.0,316,2705,16740.0,929,5540,5951,31.0,1179.0,1210.0,2685,7.0,39803,83271,9562.0,16338,186,1006,2516,19791,19650,1064.0,507.0,375.0,93.0,765523,424926,196443,71249,498044,17365
5,15411,12853,14013,13885,13695,10284.0,38.0,109,59.0,50.0,16696,8408.0,17143,17252,2538.0,381.0,340,1743,16236.0,844,6253,4759,3.0,1898.0,1901.0,5217,0.0,37294,37335,6956.0,15078,13,257,1186,13778,13698,102.0,2538.0,23.0,236.0,737955,482415,223336,124942,390258,17019
6,60158,42887,52118,53966,51903,24609.0,99.0,22873,4739.0,18134.0,25447,13937.0,25871,48744,943.0,0.0,1079,8196,46792.0,914,6504,4391,10.0,848.0,858.0,8572,190.0,134084,286154,13339.0,50970,610,5699,9742,45888,45728,0.0,195.0,732.0,136.0,2090071,1077441,554790,230635,1327398,47516
7,23710,20137,21561,21596,22679,20383.0,141.0,133,44.0,89.0,17692,3554.0,25225,25358,3507.0,3837.0,534,5169,23668.0,922,2695,2391,197.0,4528.0,4725.0,3257,176.0,55233,240178,15810.0,23087,96,551,2159,21267,21294,0.0,626.0,190.0,82.0,1387447,972342,413052,187804,788120,24989
8,29015,23902,25523,26785,26032,18472.0,117.0,2492,976.0,1516.0,19909,10120.0,21644,24136,1561.0,1313.0,449,4404,23470.0,871,2941,1392,8.0,956.0,964.0,2860,0.0,83598,252465,8501.0,24191,351,1797,4220,23368,23098,0.0,2121.0,458.0,327.0,1093953,656597,292998,113230,689304,23908
9,19350,16463,17029,17714,16620,12591.0,166.0,637,322.0,315.0,12628,5120.0,15619,16256,1372.0,1271.0,308,1801,14799.0,966,712,763,168.0,1219.0,1387.0,2760,3.0,71305,163704,9187.0,16512,179,692,1960,16846,16653,0.0,1013.0,279.0,129.0,1119331,800385,359472,162728,599115,15961
10,19881,15336,16362,17724,16515,9427.0,58.0,4456,1164.0,3292.0,10042,3659.0,10042,14498,14.0,0.0,446,1518,14093.0,933,976,344,10.0,301.0,311.0,3039,0.0,36606,133294,6662.0,17257,81,781,2392,16107,15954,0.0,16.0,66.0,297.0,712580,484881,177404,52353,482861,14158
11,23924,20999,19317,20338,29207,12748.0,100.0,141,131.0,10.0,14025,3028.0,18282,18423,5246.0,613.0,293,5537,17013.0,857,2956,1727,65.0,2889.0,2954.0,2609,79.0,50208,275159,13462.0,17258,209,556,1757,18230,18308,22.0,3979.0,1325.0,11.0,1131851,856025,362769,174230,597180,18012
13,41394,34409,34833,37935,37247,16257.0,212.0,400,9.0,391.0,23421,109.0,36194,36594,10661.0,7246.0,1048,2669,35548.0,969,2933,1703,948.0,4795.0,5743.0,7305,140.0,26360,90901,23975.0,31515,3238,3418,4609,23515,22430,105.0,9414.0,3751.0,216.0,1238444,821508,344232,240193,688730,35566
13,34105,30558,30580,30611,30783,27640.0,70.0,1025,442.0,583.0,20019,4426.0,21163,22188,1813.0,732.0,228,2881,20827.0,945,4609,3786,255.0,2173.0,2428.0,5625,0.0,106887,346260,9410.0,26383,6,857,3299,30427,30098,9.0,2424.0,1637.0,52.0,1238444,821508,344232,240193,688730,21716
14,24652,16001,16769,21914,18120,7694.0,156.0,2528,441.0,2087.0,16370,11719.0,16385,18913,831.0,0.0,419,1982,17683.0,898,2643,2128,0.0,69.0,69.0,3831,0.0,57855,324910,6578.0,19466,444,1421,2953,19229,18968,15.0,758.0,140.0,83.0,1020322,647656,273001,134180,613426,18704
15,34437,28054,29339,33125,29590,18956.0,76.0,10933,924.0,10009.0,14708,6122.0,18131,29064,251.0,1644.0,811,3310,27207.0,904,1246,183,4.0,1094.0,1098.0,1865,18.0,56208,90609,10124.0,28734,461,3253,5611,27486,27040,5.0,967.0,4336.0,302.0,1329955,921633,320618,126022,885434,28549
16,20472,13763,16615,18469,19384,11371.0,590.0,1634,789.0,845.0,14962,10526.0,15819,17453,1060.0,684.0,259,4567,14716.0,859,2267,1331,0.0,378.0,378.0,1876,0.0,69446,108680,5525.0,18694,979,2420,3952,16344,16229,35.0,1389.0,446.0,22.0,879800,539370,260840,83615,536356,17408
17,22701,19437,19126,20214,16369,14842.0,29.0,344,38.0,306.0,16968,8703.0,18938,19282,2725.0,837.0,328,5094,18302.0,954,5826,3561,37.0,2001.0,2038.0,932,2.0,63923,106788,11990.0,19696,8,207,1505,20247,20132,0.0,1056.0,442.0,243.0,1110534,770571,281745,126876,732157,18963
18,25340,22500,22923,23897,24948,14019.0,19.0,2507,594.0,1913.0,17411,2567.0,17420,19927,786.0,0.0,237,3510,19731.0,964,914,673,20.0,825.0,845.0,2100,0.0,57846,90740,12124.0,22228,141,745,2123,22237,22126,0.0,1302.0,44.0,239.0,0,0,0,0,0,19796
19,71185,57661,67793,66624,69510,42083.0,137.0,5389,851.0,4538.0,48886,22850.0,59712,65101,1341.0,8358.0,1628,8274,61119.0,918,6617,4853,115.0,1524.0,1639.0,3446,59.0,129261,163680,37603.0,53461,477,3868,9113,59242,57682,14.0,939.0,163.0,107.0,3057511,1994466,815849,289490,1957762,63719
20,14944,13699,13673,14305,14431,4708.0,1.0,649,486.0,163.0,8704,715.0,13143,13792,960.0,3628.0,151,2051,13427.0,922,6185,2363,465.0,1091.0,1556.0,2741,158.0,48904,138945,10155.0,14778,1152,1310,2338,14595,14480,281.0,824.0,276.0,96.0,658079,488364,168111,63746,426561,13750
21,20684,17595,18333,17812,18913,17389.0,266.0,328,175.0,153.0,11330,807.0,15253,15581,1396.0,1618.0,304,2836,14647.0,984,4030,3214,500.0,4160.0,4660.0,4144,23.0,66178,181209,9818.0,16968,1,467,1819,18044,17825,0.0,836.0,1869.0,83.0,0,0,0,0,0,15344
22,38653,31055,31978,35215,32308,28067.0,1020.0,4927,744.0,4183.0,23365,4426.0,31036,35963,3745.0,4107.0,834,5499,29216.0,946,605,1613,476.0,4000.0,4476.0,1664,2.0,114379,172353,20349.0,33548,360,1492,4250,34834,34542,13.0,3528.0,394.0,161.0,2030681,1244277,600558,232310,1199175,35558
23,26161,19353,23456,23352,25600,14718.0,74.0,1584,188.0,1396.0,15074,2752.0,22699,24283,2750.0,1601.0,355,4683,23193.0,899,2879,2005,608.0,2977.0,3585.0,4409,302.0,47848,50975,9878.0,25855,475,1153,3063,23502,22979,0.0,3431.0,849.0,208.0,1406553,902005,437144,161339,808567,24077
1,42061,35600,38632,38384,41156,19593.0,298.0,9391,6483.0,2908.0,27212,5294.0,28283,37674,4701.0,946.0,1047,7584,35564.0,930,3224,1871,263.0,1279.0,1542.0,4813,2.0,163924,261145,13073.0,40329,2,3,0,38464,38219,21.0,5745.0,635.0,292.0,1717320,979320,455777,129927,1132641,36971
2,16485,14867,14098,15180,13861,13219.0,14.0,2154,191.0,1963.0,9985,6863.0,13533,15687,961.0,2509.0,305,2278,15052.0,994,3283,3145,47.0,765.0,812.0,3434,0.0,46436,96169,4158.0,17127,3,0,8,15027,14991,0.0,1368.0,453.0,364.0,667588,431215,173810,66222,429227,15493
3,40070,35189,39025,39306,39988,39675.0,101.0,2691,1418.0,1273.0,31714,5826.0,39072,41763,4759.0,4542.0,1170,5710,36528.0,917,2272,1492,165.0,3018.0,3183.0,3488,2.0,78175,203246,21281.0,44468,812,716,648,40339,40120,0.0,2669.0,20.0,274.0,1903855,1401181,535616,159277,1211577,40960
4,23814,19754,21528,22874,24905,8433.0,3005.0,2860,1095.0,1765.0,13722,2418.0,14732,17592,449.0,742.0,298,2701,16586.0,971,7480,6293,206.0,1630.0,1836.0,7617,15.0,44093,114588,10486.0,17394,88,45,47,19901,19839,941.0,1055.0,254.0,80.0,729462,410677,186567,68501,474665,17369
5,14705,13181,13223,13622,14992,10045.0,36.0,93,53.0,40.0,15288,7239.0,15649,15742,2535.0,332.0,294,1852,14771.0,897,7292,5805,12.0,1781.0,1793.0,6019,0.0,42335,38792,9471.0,13783,3,11,15,13481,13396,190.0,3075.0,298.0,212.0,751511,498522,229194,127439,395672,15545
6,59449,45748,51305,52762,54578,20597.0,31.0,24031,4260.0,19771.0,26687,13412.0,27262,51293,937.0,0.0,945,7608,49648.0,934,8214,5137,31.0,965.0,996.0,11232,221.0,142939,253449,13126.0,55768,292,169,134,49845,49647,0.0,977.0,323.0,206.0,2126836,1120131,567987,250844,1339667,50781
7,25716,21383,22620,22907,27530,23931.0,956.0,80,28.0,52.0,17550,2310.0,23861,23941,3981.0,3134.0,617,5209,23192.0,918,3228,1958,211.0,2503.0,2714.0,3973,93.0,55189,211554,16377.0,22732,11,9,8,21204,21144,0.0,1667.0,420.0,168.0,1403160,995625,418597,192835,793807,23509
8,28258,24605,24876,26151,30420,21807.0,134.0,2112,1008.0,1104.0,21046,13275.0,22863,24975,1594.0,1447.0,505,4135,23822.0,937,1049,1521,74.0,1345.0,1419.0,4284,0.0,122569,307766,10366.0,26750,124,55,67,24333,24253,0.0,1257.0,322.0,306.0,1116513,682159,300059,117940,700682,24817
9,19577,16729,16634,17757,20376,12162.0,704.0,660,264.0,396.0,12719,1991.0,15494,16154,1461.0,1122.0,340,2110,15253.0,946,1215,1178,31.0,2081.0,2112.0,4819,13.0,79897,173336,10002.0,18326,16,14,6,17485,17455,0.0,1819.0,292.0,137.0,1132840,821343,366907,166433,602193,15848
10,18727,14852,15745,16989,18715,10298.0,144.0,3997,946.0,3051.0,10589,4623.0,10589,14586,52.0,0.0,416,1650,14078.0,937,1407,497,10.0,560.0,570.0,4199,0.0,40530,177062,6890.0,17497,9,5,4,16816,16769,0.0,52.0,16.0,296.0,726560,506463,180596,53214,492803,14125
11,21806,19317,17919,18767,19849,15358.0,263.0,156,135.0,21.0,13269,2350.0,17059,17215,4676.0,2194.0,315,4660,15588.0,894,3063,2187,59.0,2280.0,2339.0,2462,20.0,78495,262973,13465.0,16882,13,2,1,18231,18173,73.0,7344.0,1399.0,11.0,1141973,872019,369067,177985,598069,16967
13,36424,31762,31524,32344,38670,13998.0,216.0,312,31.0,281.0,23505,1536.0,37017,37329,11712.0,6136.0,991,6073,36347.0,950,3228,1911,583.0,4014.0,4597.0,12613,113.0,39486,115474,22602.0,31960,1080,675,664,23535,22316,91.0,26078.0,7220.0,994.0,1177092,783023,327289,249079,646229,36375
13,33257,29935,30328,29554,31703,24397.0,60.0,779,333.0,446.0,19516,922.0,20673,21452,2055.0,719.0,259,3654,21161.0,968,5170,3695,258.0,2370.0,2628.0,5335,0.0,115022,337753,9225.0,27334,1,1,1,30402,30114,36.0,2667.0,1840.0,99.0,1177092,783023,327289,249079,646229,21289
14,25628,17219,18101,22764,23872,7037.0,43.0,2637,694.0,1943.0,16346,11362.0,16351,18988,954.0,0.0,417,1741,17775.0,918,3078,2168,13.0,204.0,217.0,3775,0.0,64654,317185,7353.0,23122,142,174,106,22004,21989,17.0,1249.0,157.0,133.0,1036983,672473,276224,137141,624006,18711
15,33990,27851,29505,33246,34644,21753.0,272.0,10408,639.0,9769.0,15709,6246.0,18881,29289,495.0,1645.0,921,3285,27331.0,925,1712,587,1.0,1311.0,1312.0,2416,8.0,67399,116726,11597.0,33264,160,158,159,29689,29060,3.0,476.0,860.0,279.0,1356551,956237,327811,131661,899994,28566
16,19897,14776,15938,17624,19372,14996.0,368.0,1402,618.0,784.0,14627,6870.0,15408,16810,1054.0,681.0,310,4731,15865.0,889,2606,1660,6.0,679.0,685.0,1916,0.0,76483,128375,10708.0,20247,221,191,288,16848,16797,671.0,2144.0,159.0,48.0,877975,552667,262809,82548,533969,16669
17,22774,20309,19972,20217,21473,16597.0,40.0,326,177.0,149.0,16990,8287.0,19054,19380,2865.0,912.0,342,4125,18753.0,939,5030,4987,74.0,2321.0,2395.0,1838,6.0,78333,107123,11893.0,20140,11,9,10,21409,21367,0.0,2775.0,756.0,241.0,1128324,794023,281300,122403,765672,18866
18,25170,21099,22466,23496,25149,11344.0,42.0,2708,1275.0,1433.0,16814,3236.0,16845,19553,783.0,0.0,209,4606,19141.0,948,2199,1044,134.0,604.0,738.0,2134,0.0,64336,130686,11792.0,23035,0,0,0,22550,22518,0.0,1477.0,0.0,212.0,0,0,0,0,0,19412
19,70230,55670,68838,66199,76410,40940.0,1853.0,5824,662.0,5162.0,46694,22484.0,58329,64153,1665.0,8668.0,1499,7550,61887.0,944,7348,5686,292.0,2206.0,2498.0,4484,138.0,163576,151470,43343.0,72851,1031,699,471,64083,63212,24.0,1937.0,135.0,152.0,3118909,2072473,837417,301820,1987345,62913
20,14747,13864,13161,14107,14465,4262.0,0.0,594,487.0,107.0,8806,705.0,13167,13761,974.0,3570.0,149,2063,13329.0,948,6046,2372,131.0,1531.0,1662.0,3622,145.0,55554,187834,10138.0,13819,33,32,25,14709,14694,155.0,1234.0,361.0,96.0,632403,478078,161624,62084,409134,13729
21,19664,16984,15366,16160,19899,21765.0,1252.0,277,143.0,134.0,10192,1180.0,13786,14063,1400.0,1569.0,255,2765,13377.0,968,3937,3366,288.0,2543.0,2831.0,4838,44.0,79119,169496,9095.0,15771,0,0,0,17922,17813,0.0,3029.0,858.0,84.0,0,0,0,0,0,13885
22,38271,33214,36218,38756,43914,26059.0,776.0,4084,458.0,3626.0,25996,4264.0,33509,37593,5185.0,3668.0,801,6442,35328.0,940,4488,2932,640.0,2487.0,3127.0,3523,50.0,137118,210628,23553.0,38403,1,1,0,36017,36173,24.0,7394.0,639.0,190.0,2058233,1280723,611606,237606,1210873,36411
23,25398,19760,21898,22365,29640,19322.0,93.0,1198,246.0,952.0,14491,2608.0,21589,22787,2867.0,1524.0,269,4255,22416.0,904,4405,3035,615.0,2737.0,3352.0,5631,529.0,59814,63090,11819.0,23182,0,0,1,23625,23387,0.0,5477.0,945.0,105.0,1426926,929965,444155,165135,818313,22703
1,40813,34913,35091,2340,31636,29669.0,19.0,8368,3631.0,4737.0,28389,8520.0,29720,38088,4759.0,1240.0,958,5555,37007.0,949,2067,2478,272.0,1550.0,1822.0,6248,2.0,160344,259428,17538.0,39863,0,0,0,31258,34122,651.0,2552.0,1320.0,774.0,1722100,996657,459114,131493,1132810,37642
2,15297,13257,11665,988,15157,12646.0,33.0,1702,118.0,1584.0,10032,6655.0,13483,15185,1219.0,2541.0,273,2048,14409.0,947,169,4006,29.0,842.0,871.0,3401,0.0,47752,97883,5597.0,15632,0,0,0,13573,14130,4.0,569.0,282.0,414.0,654191,430644,170443,66647,419213,14992
3,39489,34635,33576,8064,38422,42870.0,863.0,1881,750.0,1131.0,32015,5426.0,40672,42553,5468.0,5615.0,1142,7530,41131.0,942,944,1739,104.0,2751.0,2855.0,4317,5.0,64990,181029,27596.0,44635,0,0,0,36298,36205,0.0,1718.0,103.0,890.0,1939188,1451610,549506,164197,1228901,41658
4,21282,18804,18479,1055,20795,12833.0,46.0,2827,1203.0,1624.0,13625,3504.0,14538,17365,601.0,661.0,272,2013,16188.0,918,178,6913,126.0,1005.0,1131.0,9589,10.0,46282,136533,10214.0,18632,5,8,3,17711,19147,811.0,761.0,341.0,293.0,695099,396906,177188,65859,452383,17131
5,14599,13314,12013,996,14369,13101.0,79.0,99,85.0,14.0,14314,4714.0,14783,14882,2745.0,409.0,281,1424,13843.0,947,1245,7292,172.0,1166.0,1338.0,7312,0.0,50088,53150,9396.0,13002,38,0,0,12628,12870,260.0,3439.0,71.0,317.0,765316,515166,235205,129985,401161,14744
6,54636,43193,42566,3519,50217,29413.0,20.0,21773,2982.0,18791.0,27493,18948.0,28266,50039,1051.0,566.0,1024,6503,49129.0,944,1769,8208,34.0,790.0,824.0,13604,255.0,109960,253502,18865.0,50848,55,99,67,41991,44387,66.0,2198.0,517.0,1189.0,2164247,1164513,581498,272823,1352048,49364
7,24995,21762,19197,3080,24907,23395.0,460.0,89,16.0,73.0,17124,941.0,23502,23591,4195.0,3067.0,588,5425,22314.0,951,1120,2462,236.0,2089.0,2325.0,6011,32.0,62056,199788,19839.0,23215,1,0,0,19530,19544,4.0,1366.0,5.0,685.0,1419052,1019465,424217,198001,799535,23271
8,26115,23451,20642,1892,25509,21029.0,111.0,1780,1145.0,635.0,21386,10255.0,23285,25065,1913.0,1496.0,501,3188,24326.0,909,1076,3075,48.0,1277.0,1325.0,6125,0.0,129661,315920,12568.0,26827,65,35,14,20160,22574,1.0,5930.0,3859.0,490.0,1139537,708715,307291,122846,712248,24891
9,18441,15845,12782,1313,16547,16340.0,79.0,467,70.0,397.0,12188,2474.0,15010,15477,1627.0,1228.0,316,1842,14784.0,939,585,2040,78.0,1243.0,1321.0,7974,0.0,98948,232615,11229.0,17028,5,7,4,16671,16472,0.0,1146.0,727.0,420.0,1146512,842851,374496,170221,605287,15236
10,18345,14779,10917,3783,16764,11319.0,118.0,2652,635.0,2017.0,10020,3970.0,10020,12672,52.0,0.0,355,1301,12402.0,978,1258,1064,22.0,541.0,563.0,5860,0.0,48429,169322,6609.0,15067,0,0,0,15884,15875,106.0,0.0,493.0,469.0,740815,529006,183844,54090,502951,12411
11,22667,21110,17781,1166,20573,13664.0,283.0,117,111.0,6.0,12452,1192.0,16473,16590,4183.0,2779.0,308,3060,16116.0,969,526,2358,88.0,1622.0,1710.0,3498,19.0,57661,242963,12916.0,16385,62,58,55,16712,17542,137.0,7293.0,5721.0,393.0,1152184,888312,375474,181822,598959,16229
13,31905,28123,26940,1237,28810,16498.0,323.0,337,190.0,147.0,25385,180.0,37561,37898,11803.0,7097.0,1106,5385,36524.0,946,1011,1749,30.0,3492.0,3522.0,9703,0.0,46416,122206,21863.0,30012,95,64,69,18768,18803,108.0,30207.0,806.0,55.0,1118779,746340,311179,258293,606351,36831
13,32524,30166,27743,1702,29631,30000.0,226.0,472,318.0,154.0,19045,616.0,20322,20794,2168.0,787.0,213,3504,20619.0,983,1855,3527,155.0,1750.0,1905.0,5972,0.0,121860,368589,11068.0,26870,0,0,0,23186,27019,234.0,671.0,1398.0,381.0,1118779,746340,311179,258293,606351,20677
14,23435,17643,14527,2654,22889,7972.0,322.0,2847,826.0,2021.0,14831,9521.0,14837,17684,912.0,0.0,359,1257,16681.0,918,651,2041,15.0,269.0,284.0,3438,0.0,67178,341748,9237.0,21466,0,0,0,20165,20897,12.0,252.0,128.0,181.0,1053916,698241,279484,140168,634768,17401
15,32926,27379,25464,6917,32118,22466.0,416.0,9392,1232.0,8160.0,15032,8214.0,18449,27841,600.0,1652.0,864,3633,26191.0,931,691,775,10.0,1310.0,1320.0,1872,3.0,53187,115222,14136.0,31941,0,0,0,25241,27379,0.0,1037.0,398.0,1045.0,1383678,992140,335165,137553,914793,27108
16,18429,13498,11709,1245,14193,14060.0,135.0,1469,280.0,1189.0,14070,6044.0,14894,16363,1415.0,698.0,419,2270,15726.0,905,659,1844,2.0,317.0,319.0,2881,0.0,80266,127049,10870.0,18255,55,33,47,15623,15666,566.0,2344.0,437.0,426.0,876153,566291,264794,81495,531593,16316
17,22071,19633,17732,1925,18570,17648.0,52.0,259,167.0,92.0,15958,10318.0,17718,17977,3147.0,992.0,336,2484,17720.0,920,65,6471,16.0,1502.0,1518.0,1253,5.0,81624,119449,11967.0,19935,0,0,0,19568,20172,0.0,519.0,143.0,311.0,1146398,818190,280855,118089,800720,17795
18,23973,19228,17361,3399,23818,10430.0,19.0,2944,1027.0,1917.0,15592,4782.0,15622,18566,933.0,21.0,162,2998,18205.0,982,907,1390,63.0,345.0,408.0,2566,0.0,54224,109404,8156.0,22138,0,0,0,17663,19619,0.0,787.0,0.0,192.0,0,0,0,0,0,18466
19,67596,53017,55156,7492,66963,43157.0,259.0,5523,1323.0,4200.0,43172,22843.0,54703,60226,2463.0,8638.0,1451,4825,58372.0,930,1755,7649,334.0,1820.0,2154.0,8359,80.0,173041,199227,36831.0,65240,52,13,9,57758,57651,32.0,697.0,1039.0,667.0,3181541,2153531,859554,314675,2017374,59085
20,13312,12388,10162,677,12073,6700.0,9.0,524,440.0,84.0,7835,648.0,12542,13066,1028.0,3571.0,117,2014,12703.0,938,1194,2479,90.0,1222.0,1312.0,4151,126.0,55775,178200,10647.0,13023,1,0,0,13291,13650,264.0,21.0,343.0,205.0,607729,468008,155386,60466,392419,13040
21,19673,17672,15489,1230,19751,29215.0,423.0,217,188.0,29.0,10476,1311.0,13673,13890,1472.0,1349.0,245,2491,13414.0,918,499,3257,99.0,1675.0,1774.0,4536,36.0,49051,146996,10094.0,15171,0,0,0,15677,16140,0.0,1360.0,606.0,330.0,0,0,0,0,0,13729
22,36512,32917,29742,2083,34914,30524.0,230.0,3730,537.0,3193.0,24456,5109.0,30969,34699,5184.0,3410.0,586,4944,27994.0,911,749,2396,266.0,2587.0,2853.0,4635,32.0,126530,207875,18924.0,34059,18,0,131,31963,32620,163.0,7322.0,584.0,530.0,2086160,1318237,622857,243023,1222685,32298
23,24062,19304,18818,3436,23651,19170.0,336.0,954,221.0,733.0,14138,1144.0,20532,21486,3028.0,1903.0,291,3972,21062.0,891,865,3560,294.0,2898.0,3192.0,4711,108.0,71507,81378,12107.0,22322,0,0,0,20348,21132,0.0,2512.0,1297.0,271.0,1447594,958792,451279,169021,828176,21378
