Area Name,Population Persons,Literate Persons,Main workers Persons,Marginal workers Persons,Non-workers Persons
Senapati,479148,264477,185725,47897,245526
Tamenglong ,140651,85006,55979,14696,69976
Churachandpur,274143,195935,89779,32876,151488
Bishnupur,237399,156333,76423,33514,127462
Thoubal,422168,269304,133428,61891,226849
Imphal West,517992,392626,166009,47378,304605
Imphal East,456113,324664,145343,49505,261265
Ukhrul,183998,129829,67724,20205,96069
Chandel,144182,90302,53753,22485,67944
